,DAP,Date,Planting_num,Planting_name,Field_name,Account_name,Crop_name,Crop_height,Root,blank1,FEW,Kcb used,Ke,Evap (mm),Transpiration (mm),ET (mm),Pot transpiration (mm),Cumulative potential ET (mm),Cumulative actual ET (mm),Reference ET (mm),one minus C,blank2,DOY,WC L1,WC L2,WC L3,WC L4,WC L5,WC L6,WC L7,WC L8,WC L9,WC L10,WC L11,WC L12,WC L13,blank3,Dep L1,Dep L2,Dep L3,Dep L4,Dep L5,Dep L6,Dep L7,Dep L8,Dep L9,Dep L10,Dep L11,Dep L12,Dep L13,blank4,AF L1,AF L2,AF L3,AF L4,AF L5,AF L6,AF L7,AF L8,AF L9,AF L10,AF L11,AF L12,AF L13,blank5,Inf L1,Inf L2,Inf L3,Inf L4,Inf L5,Inf L6,Inf L7,Inf L8,Inf L9,Inf L10,Inf L11,Inf L12,Inf L13,blank6,Pdep L1,Pdep L2,Pdep L3,Pdep L4,Pdep L5,Pdep L6,Pdep L7,Pdep L8,Pdep L9,Pdep L10,Pdep L11,Pdep L12,Pdep L13,blank7,zwt,"Eq._Max (elev, m)",Eq. Max number,Irrigation (mm) + Rain (mm),Leaching (mm),Depth difference (mm),ET (mm),Sum of sources and sinks,Kcb_used,Cumulative Potential ET (mm)
0,-19,2018-06-15,1,PI_F_R2_2018,Guar,Hadiqa,Guar,0,150,0,0,,1.2,11.47602935,0,-11.47602935,0,,0,9.563357794,0,0,167,0.3,0.3,0.3,0.3,0.3,0.3,0.3,0.3,0,0,0,0,,0,-0.004,-0.008,-0.01,-0.002,0.01,0.006,0.007,0.007,0,0,0,0,,0,0,0,0,0,0,0,0,0,0,0,0,0,,0,0,0,0,0,0,0,0,0,0,0,0,0,,0,-0.153846154,-0.363636364,-0.5,-0.083333333,0.3125,0.428571429,0.466666667,0.4375,0,0,0,0,,0,0,0,0,0,0,378.5239706,-11.47602935,0,1.2,0
1,-18,2018-06-16,1,PI_F_R2_2018,Guar,Hadiqa,Guar,0,150,0,0,,0.125757329,0.717433133,0,-0.717433133,0,,0,5.704901183,0,0,168,0.3,0.3,0.3,0.291709492,0.308456293,0.298485023,0.303847379,0.182575733,0,0,0,0,,0,-0.004,-0.008,-0.01,-0.000341898,0.008308741,0.006151498,0.006615262,0.018742427,0,0,0,0,,0,0,0,0,0,0,0,0.492307692,0.507692308,0,0,0,0,,0,0,0,0,0,-0.001658102,3.31572E-05,-0.000118341,0.000266397,0,0,0,0,,0,-15.38461538,-36.36363636,-50,-1.424577065,25.96481666,43.93926912,44.10174752,117.140167,0,0,0,0,,0,0,0,43.18,46.736,0,46.01856687,-0.717433133,46.736,0.125757329,0
2,-17,2018-06-17,1,PI_F_R2_2018,Guar,Hadiqa,Guar,0,150,0,0,,1.2,7.243461207,0,-7.243461207,0,,0,6.036217672,0,0,169,0.3,0.3,0.3,0.291709492,0.381003195,0.36,0.37,0.37,0,0,0,0,,0,-0.004,-0.008,-0.01,-0.000341898,-0.006200639,0,0,0,0,0,0,0,,0,0,0,0,0,0,0,1,0,0,0,0,0,,0,0,0,0,0,0,0.01450938,0.020660878,0.02727614,0,0,0,0,,0,-15.38461538,-36.36363636,-50,-1.424577065,-19.37699693,0,0,0,0,0,0,0,,0,0,0,0,0,0,-7.243461207,-7.243461207,0,1.2,0
3,-16,2018-06-18,1,PI_F_R2_2018,Guar,Hadiqa,Guar,0,150,0,0,,1.090938025,7.662205566,0,-7.662205566,0,,0,7.02350215,0,0,170,0.3,0.3,0.3,0.291709492,0.367383462,0.387239466,0.388471585,0.279093803,0,0,0,0,,0,-0.004,-0.008,-0.01,-0.000341898,-0.003476692,-0.002723947,-0.001847159,0.00909062,0,0,0,0,,0,0,0,0,0,0,0,0.5,0.5,0,0,0,0,,0,0,0,0,0,0,-0.002723947,0,0.001847159,0,0,0,0,,0,-15.38461538,-36.36363636,-50,-1.424577065,-10.8646638,-19.45676145,-12.31439027,56.81637342,0,0,0,0,,0,0,0,0,0,0,-7.662205566,-7.662205566,0,1.090938025,0
4,-15,2018-06-19,1,PI_F_R2_2018,Guar,Hadiqa,Guar,0,150,0,0,,0.793017377,6.692620427,0,-6.692620427,0,,0,8.439437291,0,0,171,0.3,0.3,0.3,0.291709492,0.367383462,0.39825579,0.330625271,0.249301738,0,0,0,0,,0,-0.004,-0.008,-0.01,-0.000341898,-0.003476692,-0.003825579,0.003937473,0.012069826,0,0,0,0,,0,0,0,0,0,0,0,0.560174867,0.439825133,0,0,0,0,,0,0,0,0,0,0,0,0.001101632,-0.004682999,0,0,0,0,,0,-15.38461538,-36.36363636,-50,-1.424577065,-10.8646638,-27.32556396,26.24981932,75.43641392,0,0,0,0,,0,0,0,0,0,0,-6.692620427,-6.692620427,0,0.793017377,0
5,-14,2018-06-20,1,PI_F_R2_2018,Guar,Hadiqa,Guar,0,150,0,0,,0.341818622,2.141828872,0,-2.141828872,0,,0,6.265980652,0,0,172,0.3,0.3,0.3,0.291709492,0.406090626,0.235487223,0.39417318,0.204181862,0,0,0,0,,0,-0.004,-0.008,-0.01,-0.000341898,-0.011218125,0.012451278,-0.002417318,0.016581814,0,0,0,0,,0,0,0,0,0,0,0,0.691271004,0.308728996,0,0,0,0,,0,0,0,0,0,0,0.007741433,-0.008535424,-0.002180633,0,0,0,0,,0,-15.38461538,-36.36363636,-50,-1.424577065,-35.05664139,88.93769759,-16.11545345,103.6363361,0,0,0,0,,0,0,0,0,0,0,-2.141828872,-2.141828872,0,0.341818622,0
6,-13,2018-06-21,1,PI_F_R2_2018,Guar,Hadiqa,Guar,0,150,0,0,,0.127635735,0.827949065,0,-0.827949065,0,,0,6.486812384,0,0,173,0.3,0.3,0.3,0.291709492,0.392440793,0.262786889,0.39417318,0.182763573,0,0,0,0,,0,-0.004,-0.008,-0.01,-0.000341898,-0.008488159,0.009721311,-0.002417318,0.018723643,0,0,0,0,,0,0,0,0,0,0,0,1,0,0,0,0,0,,0,0,0,0,0,0,-0.002729967,0,0,0,0,0,0,,0,-15.38461538,-36.36363636,-50,-1.424577065,-26.52549578,69.4379362,-16.11545345,117.0227666,0,0,0,0,,0,0,0,0,0,0,-0.827949065,-0.827949065,0,0.127635735,0
7,-12,2018-06-22,1,PI_F_R2_2018,Guar,Hadiqa,Guar,0,150,0,0,,0.044840828,0.448762782,0,-0.448762782,0,,0,10.00790573,0,0,174,0.3,0.3,0.3,0.291709492,0.370828219,0.306012037,0.39417318,0.174484083,0,0,0,0,,0,-0.004,-0.008,-0.01,-0.000341898,-0.004165644,0.005398796,-0.002417318,0.019551592,0,0,0,0,,0,0,0,0,0,0,0,1,0,0,0,0,0,,0,0,0,0,0,0,-0.004322515,0,0,0,0,0,0,,0,-15.38461538,-36.36363636,-50,-1.424577065,-13.01763706,38.56283056,-16.11545345,122.1974482,0,0,0,0,,0,0,0,0,0.762,0,0.313237218,-0.448762782,0.762,0.044840828,0
8,-11,2018-06-23,1,PI_F_R2_2018,Guar,Hadiqa,Guar,0,150,0,0,,0.07616455,0.658544283,0,-0.658544283,0,,0,8.646335893,0,0,175,0.3,0.3,0.3,0.315738775,0.320868405,0.3578731,0.39417318,0.177616455,0,0,0,0,,0,-0.004,-0.008,-0.01,-0.005147755,0.005826319,0.00021269,-0.002417318,0.019238354,0,0,0,0,,0,0,0,0,0,0,0,1,0,0,0,0,0,,0,0,0,0,0,0.004805856,-0.005186106,0,0,0,0,0,0,,0,-15.38461538,-36.36363636,-50,-21.4489791,18.20724661,1.519214232,-16.11545345,120.2397156,0,0,0,0,,0,0,0,43.18,43.18,0,32.52145572,-0.658544283,33.18,0.07616455,0
9,-10,2018-06-24,1,PI_F_R2_2018,Guar,Hadiqa,Guar,0,150,0,0,,1.2,10.38080313,0,-10.38080313,0,,0,8.650669276,0,0,176,0.3,0.325,0.325,0.314045827,0.35,0.36,0.37,0.37,0,0,0,0,,0,-0.004,-0.013,-0.015,-0.004809165,0,0,0,0,0,0,0,0,,0,0,0,0,0,0,0,1,0,0,0,0,0,,0,0.01,0.01,0.015,0.02,0.01966141,0.025487729,0.025700419,0.023283101,0,0,0,0,,0,-15.38461538,-59.09090909,-75,-20.0381888,0,0,0,0,0,0,0,0,,0,0,0,0,0,0.01,-20.38080313,-10.38080313,-10,1.2,0
10,-9,2018-06-25,1,PI_F_R2_2018,Guar,Hadiqa,Guar,0,150,0,0,,0.777203833,5.623316489,0,-5.623316489,0,,0,7.235317494,0,0,177,0.3,0.35,0.25,0.314045827,0.359798316,0.340403369,0.388471585,0.247720383,0,0,0,0,,0,-0.004,-0.018,-1.11022E-17,-0.004809165,-0.001959663,0.001959663,-0.001847159,0.012227962,0,0,0,0,,0,0,0,0,0,0,0,0.5,0.5,0,0,0,0,,0,0.01,0.01,0.015,0,0,0.001959663,0,0.001847159,0,0,0,0,,0,-15.38461538,-81.81818182,-5.55112E-14,-20.0381888,-6.123947208,13.99759362,-12.31439027,76.42476045,0,0,0,0,,0,0,0,0,0,0.01,-15.62331649,-5.623316489,-10,0.777203833,0
11,-8,2018-06-26,1,PI_F_R2_2018,Guar,Hadiqa,Guar,0,150,0,0,,0.50707171,3.928800111,0,-3.928800111,0,,0,7.748016769,0,0,178,0.3,0.3,0.25,0.314045827,0.359798316,0.422776391,0.276878611,0.220707171,0,0,0,0,,0,-0.004,-0.008,-1.11022E-17,-0.004809165,-0.001959663,-0.006277639,0.009312139,0.014929283,0,0,0,0,,0,0,0,0,0,0,0,0.699966049,0.300033951,0,0,0,0,,0,0.01,0.01,0,0,0,0,0.008237302,-0.002921995,0,0,0,0,,0,-15.38461538,-36.36363636,-5.55112E-14,-20.0381888,-6.123947208,-44.84027942,62.08092629,93.30801813,0,0,0,0,,0,0,0,0,0,0.01,-3.928800111,-3.928800111,0,0.50707171,0
12,-7,2018-06-27,1,PI_F_R2_2018,Guar,Hadiqa,Guar,0,150,0,0,,0.207733054,2.17109274,0,-2.17109274,0,,0,10.4513591,0,0,179,0.3,0.3,0.25,0.314045827,0.359798316,0.365703673,0.324597193,0.190773305,0,0,0,0,,0,-0.004,-0.008,-1.11022E-17,-0.004809165,-0.001959663,-0.000570367,0.004540281,0.017922669,0,0,0,0,,0,0,0,0,0,0,0,0.849992748,0.150007252,0,0,0,0,,0,0,0,0,0,0,0,-0.005707272,-0.000935414,0,0,0,0,,0,-15.38461538,-36.36363636,-5.55112E-14,-20.0381888,-6.123947208,-4.074052122,30.26853781,112.0166841,0,0,0,0,,0,0,0,0,0,0,-2.17109274,-2.17109274,0,0.207733054,0
13,-6,2018-06-28,1,PI_F_R2_2018,Guar,Hadiqa,Guar,0,150,0,0,,0,0,0,0,0,,0,10.8946501,0,0,180,0.3,0.3,0.25,0.314045827,0.368788886,0.301522513,0.370797212,0.169062378,0,0,0,0,,0,-0.004,-0.008,-1.11022E-17,-0.004809165,-0.003757777,0.005847749,-7.97212E-05,0.020093762,0,0,0,0,,0,0,0,0,0,0,0,1,0,0,0,0,0,,0,0,0,0,0,0,0.001798114,-0.004620002,0,0,0,0,0,,0,-15.38461538,-36.36363636,-5.55112E-14,-20.0381888,-11.743054,41.76963391,-0.531474671,125.5860138,0,0,0,0,,0,0,0,0,0,0,0,0,0,0,0
14,-5,2018-06-29,1,PI_F_R2_2018,Guar,Hadiqa,Guar,0,150,0,0,,0,0,0,0,0,,0,9.578591623,0,0,181,0.3,0.3,0.25,0.330408445,0.32739611,0.351582829,0.370797212,0.169062378,0,0,0,0,,0,-0.004,-0.008,-1.11022E-17,-0.008081689,0.004520778,0.000841717,-7.97212E-05,0.020093762,0,0,0,0,,0,0,0,0,0,0,0,1,0,0,0,0,0,,0,0,0,0,0,0.003272524,-0.005006032,0,0,0,0,0,0,,0,-15.38461538,-36.36363636,-5.55112E-14,-33.67370409,14.12743131,6.012265134,-0.531474671,125.5860138,0,0,0,0,,0,0,0,0,7.112,0,7.112,0,7.112,0,0
15,-4,2018-06-30,1,PI_F_R2_2018,Guar,Hadiqa,Guar,0,150,0,0,,0.70182378,6.736582335,0,-6.736582335,0,,0,9.598680652,0,0,182,0.3,0.3,0.25,0.31447402,0.355522197,0.327199505,0.370797212,0.240182378,0,0,0,0,,0,-0.004,-0.008,-1.11022E-17,-0.004894804,-0.001104439,0.003280049,-7.97212E-05,0.012981762,0,0,0,0,,0,0,0,0,0,0,0,1,0,0,0,0,0,,0,0,0,0,0,-0.003186885,0.002438332,0,0,0,0,0,0,,0,-15.38461538,-36.36363636,-5.55112E-14,-20.39501659,-3.45137287,23.42892468,-0.531474671,81.13601377,0,0,0,0,,0,0,0,40.64,40.64,0,23.90341766,-6.736582335,30.64,0.70182378,0
16,-3,2018-07-01,1,PI_F_R2_2018,Guar,Hadiqa,Guar,0,150,0,0,,1.2,10.92256207,0,-10.92256207,0,,0,9.102135061,0,0,183,0.3,0.325,0.275,0.308602853,0.35,0.36,0.37,0.37,0,0,0,0,,0,-0.004,-0.013,-0.005,-0.003720571,0,0,0,0,0,0,0,0,,0,0,0,0,0,0,0,0.744611858,0.255388142,0,0,0,0,,0,0.01,0.01,0.015,0.02,0.018825767,0.017721327,0.021001377,0.020921655,0,0,0,0,,0,-15.38461538,-59.09090909,-25,-15.50237711,0,0,0,0,0,0,0,0,,0,0,0,0,0,0.01,-10.92256207,-10.92256207,0,1.2,0
17,-2,2018-07-02,1,PI_F_R2_2018,Guar,Hadiqa,Guar,0.1,150,0,0.1,,0.66782741,4.832090787,1.085330741,-5.917421528,1.085330741,,1.085330741,7.235538275,0,0,184,0.3,0.325,0.275,0.308602853,0.359798316,0.340403369,0.388471585,0.242302794,0,0,0,0,,0,-0.004,-0.013,-0.005,-0.003720571,-0.001959663,0.001959663,-0.001847159,0.012769721,0,0,0,0,,0,0,0,0,0,0,0,0.5,0.5,0,0,0,0,,0,0,0,0,0,0,0.001959663,0,0.001847159,0,0,0,0,,0,-15.38461538,-59.09090909,-25,-15.50237711,-6.123947208,13.99759362,-12.31439027,79.81075383,0,0,0,0,,0,0,0,0,0,0,-5.917421528,-5.917421528,1.085330741,0.66782741,1.085330741
18,-1,2018-07-03,1,PI_F_R2_2018,Guar,Hadiqa,Guar,0.1,150,0,0.1,,0.439449326,3.601601936,0.427045902,-4.028647838,1.229357423,,2.314688164,8.195716154,0,0,185,0.3,0.325,0.275,0.308602853,0.359798316,0.422776391,0.271720806,0.217506336,0,0,0,0,,0,-0.004,-0.013,-0.005,-0.003720571,-0.001959663,-0.006277639,0.009827919,0.015249366,0,0,0,0,,0,0,0,0,0,0,0,0.731487584,0.268512416,0,0,0,0,,0,0,0,0,0,0,0,0.008237302,-0.00264387,0,0,0,0,,0,-15.38461538,-59.09090909,-25,-15.50237711,-6.123947208,-44.84027942,65.5194627,95.30854013,0,0,0,0,,0,0,0,0,0,0,-4.028647838,-4.028647838,0.427045902,0.439449326,2.314688164
19,0,2018-07-04,1,PI_F_R2_2018,Guar,Hadiqa,Guar,0.1,150,0,0.1,,0.180388706,1.521238566,0.528403569,-2.049642135,1.264967134,,3.579655298,8.433114227,0,0,186,0.3,0.325,0.275,0.308602853,0.359798316,0.370495593,0.311741512,0.18947995,0,0,0,0,,0,-0.004,-0.013,-0.005,-0.003720571,-0.001959663,-0.001049559,0.005825849,0.018052005,0,0,0,0,,0,0,0,0,0,0,0,0.880234346,0.119765654,0,0,0,0,,0,0,0,0,0,0,0,-0.00522808,-0.000850109,0,0,0,0,,0,-15.38461538,-59.09090909,-25,-15.50237711,-6.123947208,-7.496851939,38.83899222,112.8250312,0,0,0,0,,0,0,0,12.7,12.7,0,10.65035787,-2.049642135,13.22840357,0.180388706,3.579655298
20,1,2018-07-05,1,PI_F_R2_2018,Guar,Hadiqa,Guar,0.1,150,0,0.1,,1.088743208,8.077603624,1.112880002,-9.190483626,1.112880002,,4.6925353,7.419200014,0,0,187,0.3,0.325,0.275,0.308602853,0.372882972,0.290922061,0.359861694,0.301267564,0,0,0,0,,0,-0.004,-0.013,-0.005,-0.003720571,-0.004576594,0.006907794,0.001013831,0.006873244,0,0,0,0,,0,0,0,0,0,0,0,1,0,0,0,0,0,,0,0,0,0,0,0,0.002616931,-0.005340422,0,0,0,0,0,,0,-15.38461538,-59.09090909,-25,-15.50237711,-14.3018577,49.34138494,6.75887063,42.95777219,0,0,0,0,,0,0,0,0,0,0,-9.190483626,-9.190483626,1.112880002,1.088743208,4.6925353
21,2,2018-07-06,1,PI_F_R2_2018,Guar,Hadiqa,Guar,0.1,150,0,0.1,,0.752838847,3.336798317,0.356702442,-3.693500759,0.664843146,,5.357378447,4.432287641,0,0,188,0.3,0.325,0.275,0.330911236,0.325017422,0.389783952,0.267318437,0.254158428,0,0,0,0,,0,-0.004,-0.013,-0.005,-0.008182247,0.004996516,-0.002978395,0.010268156,0.011584157,0,0,0,0,,0,0,0,0,0,0,0,0.5,0.5,0,0,0,0,,0,0,0,0,0,0.004461677,-0.005111433,0.004774756,-0.00392313,0,0,0,0,,0,-15.38461538,-59.09090909,-25,-34.09269667,15.61411123,-21.27425174,68.45437551,72.40098262,0,0,0,0,,0,0,0,0,7.366,0,3.672499241,-3.693500759,7.722702442,0.752838847,5.357378447
22,3,2018-07-07,1,PI_F_R2_2018,Guar,Hadiqa,Guar,0.1,150,0,0.1,,1.063259631,5.763840596,0.812210936,-6.576051532,0.813137323,,6.170515769,5.420915484,0,0,189,0.3,0.325,0.275,0.330911236,0.354275764,0.289163372,0.303960655,0.296345099,0,0,0,0,,0,-0.004,-0.013,-0.005,-0.008182247,-0.000855153,0.007083663,0.006603935,0.00736549,0,0,0,0,,0,0,0,0,0,0,0,0.533364029,0.466635971,0,0,0,0,,0,0,0,0,0,0,0.005851668,-0.00421039,-0.000355916,0,0,0,0,,0,-15.38461538,-59.09090909,-25,-34.09269667,-2.672352557,50.59759174,44.02623022,46.0343131,0,0,0,0,,0,0,0,0,0,0,-6.576051532,-6.576051532,0.812210936,1.063259631,6.170515769
23,4,2018-07-08,1,PI_F_R2_2018,Guar,Hadiqa,Guar,0.1,150,0,0.1,,0.607355017,3.791910969,0.530283266,-4.322194235,0.936497814,,7.107013583,6.24331876,0,0,190,0.3,0.325,0.275,0.32413162,0.341426692,0.336421931,0.289799313,0.236744743,0,0,0,0,,0,-0.004,-0.013,-0.005,-0.006826324,0.001714662,0.002357807,0.008020069,0.013325526,0,0,0,0,,0,0,0,0,0,0,0,0.50474605,0.49525395,0,0,0,0,,0,0,0,0,0,-0.001355923,-0.003925738,0.000800118,-0.000206056,0,0,0,0,,0,-15.38461538,-59.09090909,-25,-28.44301659,5.358317417,16.84147805,53.46712493,83.28453579,0,0,0,0,,0,0,0,0,0,0,-4.322194235,-4.322194235,0.530283266,0.607355017,7.107013583
24,5,2018-07-09,1,PI_F_R2_2018,Guar,Hadiqa,Guar,0.1,150,0,0.1,,0.356084905,2.259076512,0.465830598,-2.72490711,0.95163112,,8.058644703,6.344207464,0,0,191,0.3,0.325,0.275,0.315700883,0.349279662,0.307438544,0.303786126,0.209674908,0,0,0,0,,0,-0.004,-0.013,-0.005,-0.005140177,0.000144068,0.005256146,0.006621387,0.016032509,0,0,0,0,,0,0,0,0,0,0,0,0.735716947,0.264283053,0,0,0,0,,0,0,0,0,0,-0.001686147,-0.000115553,-0.003013892,-0.001225072,0,0,0,0,,0,-15.38461538,-59.09090909,-25,-21.41740244,0.450211247,37.54389698,44.14258281,100.2031825,0,0,0,0,,0,0,0,10.16,10.16,0,7.43509289,-2.72490711,10.6258306,0.356084905,8.058644703
25,6,2018-07-10,1,PI_F_R2_2018,Guar,Hadiqa,Guar,0.1,150,0,0.1,,1.070868841,7.164064561,0.950901156,-8.114965718,1.003493278,,9.062137981,6.689955187,0,0,192,0.3,0.325,0.275,0.316557886,0.332614253,0.33530306,0.302880115,0.288684143,0,0,0,0,,0,-0.004,-0.013,-0.005,-0.005311577,0.003477149,0.002469694,0.006711988,0.008131586,0,0,0,0,,0,0,0,0,0,0,0,1,0,0,0,0,0,,0,0,0,0,0,0.000171401,-0.003161681,-0.00037523,0,0,0,0,0,,0,-15.38461538,-59.09090909,-25,-22.13157183,10.86609202,17.64067107,44.74658968,50.82241074,0,0,0,0,,0,0,0,0,0,0,-8.114965718,-8.114965718,0.950901156,1.070868841,9.062137981
26,7,2018-07-11,1,PI_F_R2_2018,Guar,Hadiqa,Guar,0.1,150,0,0.1,,0.435882436,3.127475576,0.671780042,-3.799255618,1.076256572,,10.13839455,7.175043814,0,0,193,0.3,0.325,0.275,0.309063732,0.34282551,0.303860414,0.318067294,0.218355747,0,0,0,0,,0,-0.004,-0.013,-0.005,-0.003812746,0.001434898,0.005613959,0.005193271,0.015164425,0,0,0,0,,0,0,0,0,0,0,0,0.527944641,0.472055359,0,0,0,0,,0,0,0,0,0,-0.001498831,0.000543421,-0.002600844,-0.000580103,0,0,0,0,,0,-15.38461538,-59.09090909,-25,-15.88644354,4.484056147,40.09970445,34.62180407,94.7776581,0,0,0,0,,0,0,0,0,0,0,-3.799255618,-3.799255618,0.671780042,0.435882436,10.13839455
27,8,2018-07-12,1,PI_F_R2_2018,Guar,Hadiqa,Guar,0.1,150,0,0.1,,0.265315479,1.791244049,0.347166164,-2.138410213,1.012706113,,11.15110067,6.751374083,0,0,194,0.3,0.325,0.275,0.310021024,0.328120674,0.341336818,0.289109269,0.199339901,0,0,0,0,,0,-0.004,-0.013,-0.005,-0.004004205,0.004375865,0.001866318,0.008089073,0.01706601,0,0,0,0,,0,0,0,0,0,0,0,0.913282318,0.086717682,0,0,0,0,,0,0,0,0,0,0.000191458,-0.002749509,0.000998132,-0.001284146,0,0,0,0,,0,-15.38461538,-59.09090909,-25,-16.68418658,13.67457864,13.33084434,53.92715433,106.662562,0,0,0,0,,0,0,0,0,10.668,0,8.529589787,-2.138410213,11.01516616,0.265315479,11.15110067
28,9,2018-07-13,1,PI_F_R2_2018,Guar,Hadiqa,Guar,0.1,150,0,0.1,,1.084200841,6.509648487,0.900614753,-7.41026324,0.900614753,,12.05171542,6.004098355,0,0,195,0.3,0.325,0.275,0.304191416,0.341111538,0.293952321,0.318699591,0.28810746,0,0,0,0,,0,-0.004,-0.013,-0.005,-0.002838283,0.001777692,0.006604768,0.005130041,0.008189254,0,0,0,0,,0,0,0,0,0,0,0,1,0,0,0,0,0,,0,0,0,0,0,-0.001165921,0.001432251,-0.003306198,0,0,0,0,0,,0,-15.38461538,-59.09090909,-25,-11.82618038,5.555288683,47.17691346,34.2002729,51.18283733,0,0,0,0,,0,0,0,0,0,0,-7.41026324,-7.41026324,0.900614753,1.084200841,12.05171542
29,10,2018-07-14,1,PI_F_R2_2018,Guar,Hadiqa,Guar,0.1,150,0,0.1,,0.580651849,4.156661182,0.544272291,-4.700933473,1.073791771,,13.12550719,7.158611804,0,0,196,0.3,0.325,0.275,0.30668036,0.323786842,0.339906997,0.28208777,0.234333479,0,0,0,0,,0,-0.004,-0.013,-0.005,-0.003336072,0.005242632,0.0020093,0.008791223,0.013566652,0,0,0,0,,0,0,0,0,0,0,0,0.52977753,0.47022247,0,0,0,0,,0,0,0,0,0,0.000497789,-0.002967151,0.001628317,-0.00155574,0,0,0,0,,0,-15.38461538,-59.09090909,-25,-13.90029967,16.38322371,14.35214516,58.60815322,84.79157592,0,0,0,0,,0,0,0,0,0,0,-4.700933473,-4.700933473,0.544272291,0.580651849,13.12550719
30,11,2018-07-15,1,PI_F_R2_2018,Guar,Hadiqa,Guar,0.1,150,0,0.1,,0.290916399,2.049291406,0.443865105,-2.493156511,1.056639337,,14.18214653,7.044262244,0,0,197,0.3,0.325,0.275,0.300950874,0.337270906,0.292187397,0.299650329,0.201972028,0,0,0,0,,0,-0.004,-0.013,-0.005,-0.002190175,0.002545819,0.00678126,0.007034967,0.016802797,0,0,0,0,,0,0,0,0,0,0,0,0.731301214,0.268698786,0,0,0,0,,0,0,0,0,0,-0.001145897,0.001550916,-0.003221044,-0.001066761,0,0,0,0,,0,-15.38461538,-59.09090909,-25,-9.125728482,7.955683971,48.43757362,46.8997805,105.0174823,0,0,0,0,,0,0,0,0,0.254,0,-2.239156511,-2.493156511,0.697865105,0.290916399,14.18214653
31,12,2018-07-16,1,PI_F_R2_2018,Guar,Hadiqa,Guar,0.1,150,0,0.1,,0.127697924,0.906894166,0.286147437,-1.193041603,1.065280627,,15.24742715,7.101870843,0,0,198,0.3,0.325,0.275,0.303043604,0.321464546,0.323047059,0.291779276,0.184019114,0,0,0,0,,0,-0.004,-0.013,-0.005,-0.002608721,0.005707091,0.003695294,0.007822072,0.018598089,0,0,0,0,,0,0,0,0,0,0,0,1,0,0,0,0,0,,0,0,0,0,0,0.000418546,-0.002742726,0.00034324,0,0,0,0,0,,0,-15.38461538,-59.09090909,-25,-10.86967019,17.83465905,26.3949578,52.14714919,116.2380536,0,0,0,0,,0,0,0,0,0,0,-1.193041603,-1.193041603,0.286147437,0.127697924,15.24742715
32,13,2018-07-17,1,PI_F_R2_2018,Guar,Hadiqa,Guar,0.1,150,0,0.1,,0.045264614,0.321212532,0.344125651,-0.665338183,1.064449143,,16.3118763,7.096327621,0,0,199,0.3,0.325,0.275,0.298126439,0.327836197,0.298885134,0.310170754,0.174950173,0,0,0,0,,0,-0.004,-0.013,-0.005,-0.001625288,0.004432761,0.006111487,0.005982925,0.019504983,0,0,0,0,,0,0,0,0,0,0,0,1,0,0,0,0,0,,0,0,0,0,0,-0.000983433,0.000290897,-0.002125295,0,0,0,0,0,,0,-15.38461538,-59.09090909,-25,-6.772032228,13.85237676,43.65347552,39.88616371,121.9061422,0,0,0,0,,0,0,0,0,0,0,-0.665338183,-0.665338183,0.344125651,0.045264614,16.3118763
33,14,2018-07-18,1,PI_F_R2_2018,Guar,Hadiqa,Guar,0.1,150,0,0.1,,0.015836781,0.127910391,0.295894886,-0.423805277,1.211518866,,17.52339516,8.076792441,0,0,200,0.3,0.325,0.275,0.297410953,0.319589596,0.323634846,0.299903961,0.171738047,0,0,0,0,,0,-0.004,-0.013,-0.005,-0.001482191,0.006082081,0.003636515,0.007009604,0.019826195,0,0,0,0,,0,0,0,0,0,0,0,1,0,0,0,0,0,,0,0,0,0,0,-0.000143097,-0.001792417,0.000682554,0,0,0,0,0,,0,-15.38461538,-59.09090909,-25,-6.175793871,19.00650247,25.97511005,46.73069293,123.9137205,0,0,0,0,,0,0,0,17.78,17.78,0,17.35619472,-0.423805277,18.07589489,0.015836781,17.52339516
34,15,2018-07-19,1,PI_F_R2_2018,Guar,Hadiqa,Guar,0.1,150,0,0.1,,1.099354907,9.659398933,1.31796368,-10.97736261,1.31796368,,18.84135884,8.786424537,0,0,201,0.3,0.325,0.275,0.294137412,0.325155146,0.300759017,0.315236822,0.348258943,0,0,0,0,,0,-0.004,-0.013,-0.005,-0.000827482,0.004968971,0.005924098,0.005476318,0.002174106,0,0,0,0,,0,0,0,0,0,0,0,1,0,0,0,0,0,,0,0,0,0,0,-0.000654708,0.000458402,-0.001829181,0,0,0,0,0,,0,-15.38461538,-59.09090909,-25,-3.447843198,15.52803367,42.31498786,36.50878526,13.58816043,0,0,0,0,,0,0,0,0,0,0,-10.97736261,-10.97736261,1.31796368,1.099354907,18.84135884
35,16,2018-07-20,1,PI_F_R2_2018,Guar,Hadiqa,Guar,0.1,150,0,0.1,,0.354993105,3.754890562,1.061612236,-4.816502798,1.586604292,,20.42796313,10.57736195,0,0,202,0.3,0.325,0.275,0.293994069,0.317814425,0.325366091,0.33537575,0.208707445,0,0,0,0,,0,-0.004,-0.013,-0.005,-0.000798814,0.006437115,0.003463391,0.003462425,0.016129256,0,0,0,0,,0,0,0,0,0,0,0,0.5,0.5,0,0,0,0,,0,0,0,0,0,-2.86686E-05,-0.001496813,0.000963894,0.003636769,0,0,0,0,,0,-15.38461538,-59.09090909,-25,-3.328390507,20.11598453,24.73850654,23.08283328,100.8078471,0,0,0,0,,0,0,0,0,0,0,-4.816502798,-4.816502798,1.061612236,0.354993105,20.42796313
36,17,2018-07-21,1,PI_F_R2_2018,Guar,Hadiqa,Guar,0.1,150,0,0.1,,0.010774178,0.105747938,0.482095596,-0.587843534,1.472241419,,21.90020455,9.814942795,0,0,203,0.3,0.325,0.275,0.291447344,0.323855908,0.328463341,0.314672861,0.171158539,0,0,0,0,,0,-0.004,-0.013,-0.005,-0.000289469,0.005228818,0.003153666,0.005532714,0.019884146,0,0,0,0,,0,0,0,0,0,0,0,1,0,0,0,0,0,,0,0,0,0,0,-0.000509345,0.000698952,0.001008677,0,0,0,0,0,,0,-15.38461538,-59.09090909,-25,-1.206119647,16.34005741,22.52618496,36.88475947,124.2759132,0,0,0,0,,0,0,0,0,0,0,-0.587843534,-0.587843534,0.482095596,0.010774178,21.90020455
37,18,2018-07-22,1,PI_F_R2_2018,Guar,Hadiqa,Guar,0.1,150,0,0.1,,0.000931835,0.008642786,0.514882708,-0.523525494,1.391252589,,23.29145714,9.275017258,0,0,204,0.3,0.325,0.275,0.291835582,0.326303332,0.309645367,0.322998555,0.17010106,0,0,0,0,,0,-0.004,-0.013,-0.005,-0.000367116,0.004739334,0.005035463,0.004700145,0.019989894,0,0,0,0,,0,0,0,0,0,0,0,1,0,0,0,0,0,,0,0,0,0,0,7.76477E-05,0.000567132,-0.001314665,0,0,0,0,0,,0,-15.38461538,-59.09090909,-25,-1.529651526,14.81041755,35.96759493,31.33429684,124.9368378,0,0,0,0,,0,0,0,0,0,0,-0.523525494,-0.523525494,0.514882708,0.000931835,23.29145714
38,19,2018-07-23,1,PI_F_R2_2018,Guar,Hadiqa,Guar,0.1,150,0,0.1,,0.000133995,0.00123306,0.38479435,-0.386027409,1.380345564,,24.67180271,9.202303757,0,0,205,0.3,0.325,0.275,0.292983406,0.319919028,0.330452967,0.307515087,0.170014632,0,0,0,0,,0,-0.004,-0.013,-0.005,-0.000596681,0.006016194,0.002954703,0.006248491,0.019998537,0,0,0,0,,0,0,0,0,0,0,0,1,0,0,0,0,0,,0,0,0,0,0,0.000229565,-0.001047296,0.001033464,0,0,0,0,0,,0,-15.38461538,-59.09090909,-25,-2.486171892,18.80060772,21.10502342,41.65660854,124.9908552,0,0,0,0,,0,0,0,0,0,0,-0.386027409,-0.386027409,0.38479435,0.000133995,24.67180271
39,20,2018-07-24,1,PI_F_R2_2018,Guar,Hadiqa,Guar,0.1,150,0,0.1,,2.0891E-05,0.000137354,0.366642184,-0.366779538,0.986221668,,25.65802437,6.574811123,0,0,206,0.3,0.325,0.275,0.291464606,0.326309006,0.300994212,0.323383542,0.170002301,0,0,0,0,,0,-0.004,-0.013,-0.005,-0.000292921,0.004738199,0.005900579,0.004661646,0.01999977,0,0,0,0,,0,0,0,0,0,0,0,1,0,0,0,0,0,,0,0,0,0,0,-0.00030376,0.000974236,-0.00197164,0,0,0,0,0,,0,-15.38461538,-59.09090909,-25,-1.220505344,14.80687145,42.14699133,31.07763839,124.9985618,0,0,0,0,,0,0,0,0,14.986,0,14.61922046,-0.366779538,15.35264218,2.0891E-05,25.65802437
40,21,2018-07-25,1,PI_F_R2_2018,Guar,Hadiqa,Guar,0.1,150,0,0.1,,1.08524335,7.466173564,1.03195844,-8.498132004,1.03195844,,26.68998281,6.879722933,0,0,207,0.3,0.325,0.275,0.29275093,0.317175056,0.333056018,0.303350568,0.319860928,0,0,0,0,,0,-0.004,-0.013,-0.005,-0.000550186,0.006564989,0.002694398,0.006664943,0.005013907,0,0,0,0,,0,0,0,0,0,0,0,1,0,0,0,0,0,,0,0,0,0,0,0.000257265,-0.001569525,0.001636655,0,0,0,0,0,,0,-15.38461538,-59.09090909,-25,-2.292441529,20.51559014,19.24570133,44.43295497,31.33692027,0,0,0,0,,0,0,0,0,0,0,-8.498132004,-8.498132004,1.03195844,1.08524335,26.68998281
41,22,2018-07-26,1,PI_F_R2_2018,Guar,Hadiqa,Guar,0.1,150,0,0.1,,0.484195821,3.04244982,0.73104459,-3.77349441,0.942526667,,27.63250948,6.283511113,0,0,208,0.3,0.325,0.275,0.290457387,0.326094585,0.295790637,0.337763764,0.224479819,0,0,0,0,,0,-0.004,-0.013,-0.005,-9.14775E-05,0.004781083,0.006420936,0.003223624,0.014552018,0,0,0,0,,0,0,0,0,0,0,0,0.5,0.5,0,0,0,0,,0,0,0,0,0,-0.000458708,0.001325197,-0.002401341,0.001555958,0,0,0,0,,0,-15.38461538,-59.09090909,-25,-0.381156247,14.94088429,45.86383064,21.49082431,90.95011342,0,0,0,0,,0,0,0,0,21.844,0,18.07050559,-3.77349441,22.57504459,0.484195821,27.63250948
42,23,2018-07-27,1,PI_F_R2_2018,Guar,Hadiqa,Guar,0.1,150,0,0.1,,1.062104309,4.216092126,0.595434755,-4.811526881,0.595434755,,28.22794424,3.969565033,0,0,209,0.3,0.325,0.275,0.292028413,0.315453193,0.344885911,0.300531702,0.411462396,0,0,0,0,,0,-0.004,-0.013,-0.005,-0.000405683,0.006909361,0.001511409,0.00694683,-0.00414624,0,0,0,0,,0,0,0,0,0,0,0,0.858705658,0.141294342,0,0,0,0,,0,0,0,0,0,0.000314205,-0.001814073,0.003095454,0,0,0,0,0,,0,-15.38461538,-59.09090909,-25,-1.690344066,21.59175461,10.79577775,46.31219833,-25.9139973,0,0,0,0,,0,0,0,0,11.176,0,6.364473119,-4.811526881,11.77143475,1.062104309,28.22794424
43,24,2018-07-28,1,PI_F_R2_2018,Guar,Hadiqa,Guar,0.1,150,0,0.1,,1.07980733,6.712526048,0.932461634,-7.644987682,0.932461634,,29.16040587,6.216410892,0,0,210,0.3,0.325,0.274435458,0.290044935,0.329492408,0.321903521,0.405638829,0.37,0,0,0,0,,0,-0.004,-0.013,-0.004887092,-8.98692E-06,0.004101518,0.003809648,-0.003563883,0,0,0,0,0,,0,0,0,0,0,0,0,0.493963452,0.506036548,0,0,0,0,,0,0,0,0,-0.000112908,-0.000509604,0.002298239,0,0.010804836,0,0,0,0,,0,-15.38461538,-59.09090909,-24.43545844,-0.037445495,12.81724514,27.21177105,-23.75921958,0,0,0,0,0,,0,0,0,0,0,0,-7.644987682,-7.644987682,0.932461634,1.07980733,29.16040587
44,25,2018-07-29,1,PI_F_R2_2018,Guar,Hadiqa,Guar,0.1,150,0,0.1,,1.092825308,7.936102294,1.053033697,-8.98913599,1.089300674,,30.24970654,7.262004493,0,0,211,0.3,0.325,0.274435458,0.293086447,0.326450896,0.426269069,0.233668105,0.361155299,0,0,0,0,,0,-0.004,-0.013,-0.004887092,-0.000617289,0.004709821,-0.006626907,0.01363319,0.00088447,0,0,0,0,,0,0,0,0,0,0,0,0.5,0.5,0,0,0,0,,0,0,0,0,0,0.000608302,0,0.010436555,-0.006294287,0,0,0,0,,0,-15.38461538,-59.09090909,-24.43545844,-2.572038995,14.71819026,-47.33504921,90.88793009,5.527937922,0,0,0,0,,0,0,0,0,0,0,-8.98913599,-8.98913599,1.053033697,1.092825308,30.24970654
45,26,2018-07-30,1,PI_F_R2_2018,Guar,Hadiqa,Guar,0.1,150,0,0.1,,0.712230077,4.446722598,0.547996752,-4.994719349,0.936506911,,31.18621346,6.243379409,0,0,212,0.3,0.325,0.274435458,0.293823793,0.325713549,0.401433087,0.278639136,0.25112889,0,0,0,0,,0,-0.004,-0.013,-0.004887092,-0.000764759,0.00485729,-0.004143309,0.009136086,0.011887111,0,0,0,0,,0,0,0,0,0,0,0,0.142127214,0.857872786,0,0,0,0,,0,0,0,0,0,0.000147469,0,-0.002483598,0.00216317,0,0,0,0,,0,-15.38461538,-59.09090909,-24.43545844,-3.186494429,15.17903184,-29.59506205,60.90724242,74.29444378,0,0,0,0,,0,0,0,0,2.286,0,-2.708719349,-4.994719349,2.833996752,0.712230077,31.18621346
46,27,2018-07-31,1,PI_F_R2_2018,Guar,Hadiqa,Guar,0.1,150,0,0.1,,0.598741667,3.149241608,0.580598108,-3.729839716,0.788965037,,31.97517849,5.259766916,0,0,213,0.3,0.325,0.274435458,0.293823793,0.359921617,0.280227108,0.320021995,0.235448682,0,0,0,0,,0,-0.004,-0.013,-0.004887092,-0.000764759,-0.001984323,0.007977289,0.004997801,0.013455132,0,0,0,0,,0,0,0,0,0,0,0,0.603298995,0.396701005,0,0,0,0,,0,0,0,0,0,0,0.006841613,-0.005278984,-0.000810093,0,0,0,0,,0,-15.38461538,-59.09090909,-24.43545844,-3.186494429,-6.201010322,56.98063731,33.31867009,84.09457367,0,0,0,0,,0,0,0,0,0,0,-3.729839716,-3.729839716,0.580598108,0.598741667,31.97517849
47,28,2018-08-01,1,PI_F_R2_2018,Guar,Hadiqa,Guar,0.1,150,0,0.1,,0.44793785,2.971400251,0.38480141,-3.356201662,0.995026515,,32.97020501,6.633510101,0,0,214,0.3,0.325,0.274435458,0.310972936,0.322179436,0.343648887,0.276249707,0.219686868,0,0,0,0,,0,-0.004,-0.013,-0.004887092,-0.004194587,0.005564113,0.001635111,0.009375029,0.015031313,0,0,0,0,,0,0,0,0,0,0,0,0.775681113,0.224318887,0,0,0,0,,0,0,0,0,0,0.003429829,-0.004118607,0.00222357,-0.001703299,0,0,0,0,,0,-15.38461538,-59.09090909,-24.43545844,-17.47744704,17.38785249,11.67936617,62.50019502,93.9457078,0,0,0,0,,0,0,0,0,0,0,-3.356201662,-3.356201662,0.38480141,0.44793785,32.97020501
48,29,2018-08-02,1,PI_F_R2_2018,Guar,Hadiqa,Guar,0.12,168,0,0.12,,0.252402258,1.676898692,0.480761862,-2.157660554,1.25168339,,34.2218884,6.643754725,0,0,215,0.3,0.325,0.274435458,0.302947281,0.339972459,0.291000986,0.296844446,0.198643279,0,0,0,0,,0,-0.004,-0.013,-0.004887092,-0.002589456,0.002005508,0.006899901,0.007315555,0.017135672,0,0,0,0,,0,0,0,0,0,0,0,0.860993739,0.139006261,0,0,0,0,,0,0,0,0,0,-0.001605131,0.001953473,-0.003311317,-0.000920531,0,0,0,0,,0,-15.38461538,-59.09090909,-24.43545844,-10.78940099,6.267213352,49.28500988,48.77036916,107.0979509,0,0,0,0,,0,0,0,0,1.016,0,-1.141660554,-2.157660554,1.496761862,0.252402258,34.2218884
49,30,2018-08-03,1,PI_F_R2_2018,Guar,Hadiqa,Guar,0.14,186,0,0.14,,0.186363051,1.257346656,0.464479082,-1.721825739,1.530165019,,35.75205342,6.746759342,0,0,216,0.3,0.325,0.274435458,0.305444215,0.322676604,0.322914953,0.289720704,0.192034292,0,0,0,0,,0,-0.004,-0.013,-0.004887092,-0.003088843,0.005464679,0.003708505,0.00802793,0.017796571,0,0,0,0,,0,0,0,0,0,0,0,1,0,0,0,0,0,,0,0,0,0,0,0.000499387,-0.002959784,0.000231612,0,0,0,0,0,,0,-15.38461538,-59.09090909,-24.43545844,-12.87017907,17.0771227,26.48931961,53.51953081,111.2285677,0,0,0,0,,0,0,0,0,0,0,-1.721825739,-1.721825739,0.464479082,0.186363051,35.75205342
50,31,2018-08-04,1,PI_F_R2_2018,Guar,Hadiqa,Guar,0.16,204,0,0.16,,0.078265536,0.5615074,1.041425191,-1.602932592,1.90264796,,37.65470138,7.17438899,0,0,217,0.3,0.325,0.274435458,0.299901729,0.329209668,0.299108518,0.306901191,0.179460825,0,0,0,0,,0,-0.004,-0.013,-0.004887092,-0.001980346,0.004158066,0.006089148,0.006309881,0.019053917,0,0,0,0,,0,0,0,0,0,0,0,1,0,0,0,0,0,,0,0,0,0,0,-0.001108497,0.000198116,-0.002182528,0,0,0,0,0,,0,-15.38461538,-59.09090909,-24.43545844,-8.251441167,12.99395779,43.49391593,42.06587262,119.0869843,0,0,0,0,,0,0,0,0,0,0,-1.602932592,-1.602932592,1.041425191,0.078265536,37.65470138
51,32,2018-08-05,1,PI_F_R2_2018,Guar,Hadiqa,Guar,0.18,222,0,0.18,,0.030308121,0.237547708,1.329449868,-1.566997576,2.379543199,,40.03424458,7.837757572,0,0,218,0.3,0.325,0.274435458,0.298979925,0.320712999,0.31724008,0.297192323,0.173845751,0,0,0,0,,0,-0.004,-0.013,-0.004887092,-0.001795985,0.0058574,0.004275992,0.007280768,0.019615425,0,0,0,0,,0,0,0,0,0,0,0.473684211,0.526315789,0,0,0,0,0,,0,0,0,0,0,-0.000184361,-0.001883695,0.000422768,0,0,0,0,0,,0,-15.38461538,-59.09090909,-24.43545844,-7.483270706,18.30437579,30.54279993,48.53845103,122.5964056,0,0,0,0,,0,0,0,30.48,30.48,0,28.91300242,-1.566997576,31.80944987,0.030308121,40.03424458
52,33,2018-08-06,1,PI_F_R2_2018,Guar,Hadiqa,Guar,0.2,240,0,0.2,,0.928408773,7.773692894,2.863612504,-10.6373054,2.863612504,,42.89785708,8.373135976,0,0,219,0.3,0.325,0.274435458,0.295449696,0.323753835,0.311700763,0.396686201,0.37,0,0,0,0,,0,-0.004,-0.013,-0.004887092,-0.001089939,0.005249233,0.004829924,-0.00266862,0,0,0,0,0,,0,0,0,0,0,0,0.490285663,0.509714337,0,0,0,0,0,,0,0,0,0,0,-0.000706046,-9.78785E-05,0,0.010627027,0,0,0,0,,0,-15.38461538,-59.09090909,-24.43545844,-4.541413543,16.40385308,34.49945533,-17.79080058,0,0,0,0,0,,0,0,0,0,0,0,-10.6373054,-10.6373054,2.863612504,0.928408773,42.89785708
53,34,2018-08-07,1,PI_F_R2_2018,Guar,Hadiqa,Guar,0.22,258,0,0.22,,0.903824551,6.172485437,2.597864217,-8.770349654,2.597864217,,45.4957213,6.829296048,0,0,220,0.3,0.325,0.274435458,0.294300497,0.324903035,0.385163164,0.257244182,0.329606564,0,0,0,0,,0,-0.004,-0.013,-0.004887092,-0.000860099,0.005019393,-0.002516316,0.011275582,0.004039344,0,0,0,0,,0,0,0,0,0,0,0.45,0.5,0.05,0,0,0,0,,0,0,0,0,0,-0.00022984,0,0.008634866,-0.00387753,0,0,0,0,,0,-15.38461538,-59.09090909,-24.43545844,-3.583747137,15.68560328,-17.97368831,75.17054515,25.2458978,0,0,0,0,,0,0,0,0,0,0,-8.770349654,-8.770349654,2.597864217,0.903824551,45.4957213
54,35,2018-08-08,1,PI_F_R2_2018,Guar,Hadiqa,Guar,0.24,276,0,0.24,,0.476095349,3.395008808,2.167668931,-5.562677739,2.986438936,,48.48216023,7.130943018,0,0,221,0.3,0.325,0.274435458,0.294300497,0.352235869,0.279249955,0.309847617,0.240547173,0,0,0,0,,0,-0.004,-0.013,-0.004887092,-0.000860099,-0.000447174,0.008075005,0.006015238,0.012945283,0,0,0,0,,0,0,0,0,0,0,0.620071878,0.311031246,0.068896875,0,0,0,0,,0,0,0,0,0,0,0.005466567,-0.003513892,0.002554469,0,0,0,0,,0,-15.38461538,-59.09090909,-24.43545844,-3.583747137,-1.397418016,57.67860358,40.10158869,80.90801701,0,0,0,0,,0,0,0,0,0,0,-5.562677739,-5.562677739,2.167668931,0.476095349,48.48216023
55,36,2018-08-09,1,PI_F_R2_2018,Guar,Hadiqa,Guar,0.26,294,0,0.26,,0.352844274,1.824162929,1.540166329,-3.364329259,2.363669622,,50.84582985,5.169881063,0,0,222,0.3,0.325,0.274435458,0.306857596,0.321052295,0.324012013,0.26471552,0.222543384,0,0,0,0,,0,-0.004,-0.013,-0.004887092,-0.003371519,0.005789541,0.003598799,0.010528448,0.014745662,0,0,0,0,,0,0,0,0,0,0,0.400946065,0.578956784,0.020097151,0,0,0,0,,0,0,0,0,0,0.00251142,-0.003725295,0.001620029,-0.001638194,0,0,0,0,,0,-15.38461538,-59.09090909,-24.43545844,-14.04799666,18.09231578,25.70570491,70.18965337,92.16038528,0,0,0,0,,0,0,0,0,0,0,-3.364329259,-3.364329259,1.540166329,0.352844274,50.84582985
56,37,2018-08-10,1,PI_F_R2_2018,Guar,Hadiqa,Guar,0.28,312,0,0.28,,0.254398167,1.14800649,2.127822716,-3.275829206,2.236462716,,53.08229257,4.512636635,0,0,223,0.3,0.325,0.274435458,0.300259821,0.329617924,0.286098331,0.275837546,0.211756038,0,0,0,0,,0,-0.004,-0.013,-0.004887092,-0.002051964,0.004076415,0.007390167,0.009416245,0.015824396,0,0,0,0,,0,0,0,0,0,0,0.618021445,0.372190576,0.00978798,0,0,0,0,,0,0,0,0,0,-0.001319555,0.000393571,-0.002445942,-0.000760503,0,0,0,0,,0,-15.38461538,-59.09090909,-24.43545844,-8.549850863,12.73879758,52.78690612,62.77496912,98.90247626,0,0,0,0,,0,0,0,0,1.016,0,-2.259829206,-3.275829206,3.143822716,0.254398167,53.08229257
57,38,2018-08-11,1,PI_F_R2_2018,Guar,Hadiqa,Guar,0.3,330,0,0.3,,0.276846906,0.876538384,1.525665964,-2.402204349,1.69072324,,54.77301581,3.166148389,0,0,224,0.3,0.325,0.274435458,0.299346703,0.3157296,0.296921907,0.264894718,0.218879882,0,0,0,0,,0,-0.004,-0.013,-0.004887092,-0.001869341,0.00685408,0.006307809,0.010510528,0.015112012,0,0,0,0,,0,0,0,0,0,0.262091544,0.337476891,0.399124057,0.001307508,0,0,0,0,,0,0,0,0,0,-0.000182624,-0.002402604,-0.000602155,-0.000847173,0,0,0,0,,0,-15.38461538,-59.09090909,-24.43545844,-7.788919129,21.41899977,45.05578099,70.07018786,94.45007375,0,0,0,0,,0,0,0,0,2.794,0,0.391795651,-2.402204349,4.319665964,0.276846906,54.77301581
58,39,2018-08-12,1,PI_F_R2_2018,Guar,Hadiqa,Guar,0.32,348,0,0.32,,0.413442245,2.240838576,2.902915515,-5.143754091,3.10238254,,57.87539835,5.41995552,0,0,225,0.3,0.325,0.274435458,0.294247956,0.313553222,0.286976594,0.266600382,0.245587736,0,0,0,0,,0,-0.004,-0.013,-0.004887092,-0.000849591,0.007289356,0.007302341,0.010339962,0.012441226,0,0,0,0,,0,0,0,0,0,0.266801345,0.399796133,0.326671942,0.006730581,0,0,0,0,,0,0,0,0,0,-0.001019749,-0.001047975,-0.001432551,-0.000763592,0,0,0,0,,0,-15.38461538,-59.09090909,-24.43545844,-3.539963485,22.77923604,52.15957563,68.93307833,77.75766479,0,0,0,0,,0,0,0,0,0,0,-5.143754091,-5.143754091,2.902915515,0.413442245,57.87539835
59,40,2018-08-13,1,PI_F_R2_2018,Guar,Hadiqa,Guar,0.34,366,0,0.34,,0.305955367,1.827856473,3.037570106,-4.865426579,3.649077133,,61.52447548,5.974258568,0,0,226,0.3,0.325,0.274435458,0.290399521,0.306557111,0.280788778,0.260749556,0.227877931,0,0,0,0,,0,-0.004,-0.013,-0.004887092,-7.99042E-05,0.008688578,0.007921122,0.010925044,0.014212207,0,0,0,0,,0,0,0,0,0,0.271978598,0.354861042,0.34566291,0.027497451,0,0,0,0,,0,0,0,0,0,-0.000769687,-0.001379378,-0.000968028,-0.000549681,0,0,0,0,,0,-15.38461538,-59.09090909,-24.43545844,-0.332934085,27.15180534,56.57944434,72.83362949,88.82629331,0,0,0,0,,0,0,0,31.75,31.75,0,26.88457342,-4.865426579,34.78757011,0.305955367,61.52447548
60,41,2018-08-14,1,PI_F_R2_2018,Guar,Hadiqa,Guar,0.36,384,0,0.36,,0.606912847,3.487434836,3.730424732,-7.217859569,3.730424732,,65.25490022,5.746187203,0,0,227,0.3,0.325,0.273497686,0.287050705,0.300186185,0.282277207,0.407299823,0.37,0,0,0,0,,0,-0.004,-0.013,-0.004699537,0.000589859,0.009962763,0.007772279,-0.003729982,0,0,0,0,0,,0,0,0,0,0,0.298834122,0.353878463,0.332109756,0.015177658,0,0,0,0,,0,0,0,0,-0.000187555,-0.000857318,-0.001223774,0,0.015663833,0,0,0,0,,0,-15.38461538,-59.09090909,-23.49768566,2.45774623,31.13363457,55.51628043,-24.8665487,0,0,0,0,0,,0,0,0,0,0,0,-7.217859569,-7.217859569,3.730424732,0.606912847,65.25490022
61,42,2018-08-15,1,PI_F_R2_2018,Guar,Hadiqa,Guar,0.38,402,0,0.38,,0.55605389,3.649882796,4.513338468,-8.163221264,4.513338468,,69.76823868,6.563901204,0,0,228,0.3,0.325,0.271763159,0.284182297,0.296689329,0.347104339,0.255663163,0.400830513,0,0,0,0,,0,-0.004,-0.013,-0.004352632,0.001163541,0.010662134,0.001289566,0.011433684,-0.003083051,0,0,0,0,,0,0,0,0,0,0.21217042,0.257403531,0.477383445,0.053042605,0,0,0,0,,0,0,0,0,-0.000346905,-0.000920587,-0.000828472,0.006614465,-0.006768358,0,0,0,0,,0,-15.38461538,-59.09090909,-21.76315878,4.848085922,33.31916925,9.211186772,76.22455811,-19.26907087,0,0,0,0,,0,0,0,0,0.508,0,-7.655221264,-8.163221264,5.021338468,0.55605389,69.76823868
62,43,2018-08-16,1,PI_F_R2_2018,Guar,Hadiqa,Guar,0.4,420,0,0.4,,0.533651777,3.867379967,5.261329538,-9.128709505,5.261329538,,75.02956822,7.247010383,0,0,229,0.3,0.325,0.269740362,0.281750397,0.308298321,0.274290505,0.309695947,0.32875076,0,0,0,0,,0,-0.004,-0.013,-0.003948072,0.001649921,0.008340336,0.008570949,0.006030405,0.004124924,0,0,0,0,,0,0,0,0,0,0.268627164,0.402940746,0.261275299,0.067156791,0,0,0,0,,0,0,0,0,-0.000404559,-0.000890939,0.002643264,-0.002819511,0.003762991,0,0,0,0,,0,-15.38461538,-59.09090909,-19.74036167,6.874669405,26.06354919,61.22106757,40.20270181,25.78077514,0,0,0,0,,0,0,0,0,47.752,0,38.6232905,-9.128709505,53.01332954,0.533651777,75.02956822
63,44,2018-08-17,1,PI_F_R2_2018,Guar,Hadiqa,Guar,0.42,438,0,0.42,,0.49462798,3.038864866,4.696273554,-7.735138419,4.696273554,,79.72584178,6.143738296,0,0,230,0.3,0.325,0.267688864,0.283801895,0.40778338,0.36,0.37,0.37,0,0,0,0,,0,-0.004,-0.013,-0.003537773,0.001239621,-0.011556676,0,0,0,0,0,0,0,,0,0,0,0,0,0.219413378,0.232053178,0.4936801,0.054853344,0,0,0,0,,0,0,0,0,-0.0004103,0,0.021051418,0.030843276,0.039471094,0,0,0,0,,0,-15.38461538,-59.09090909,-17.68886368,5.165087749,-36.11461251,0,0,0,0,0,0,0,,0,0,0,0,1.016,0,-6.719138419,-7.735138419,5.712273554,0.49462798,79.72584178
64,45,2018-08-18,1,PI_F_R2_2018,Guar,Hadiqa,Guar,0.44,456,0,0.44,,0.383140577,1.60988995,3.373225728,-4.983115678,3.373225728,,83.0990675,4.20182577,0,0,231,0.3,0.325,0.266922746,0.284568013,0.403087106,0.367683048,0.345566485,0.328951629,0,0,0,0,,0,-0.004,-0.013,-0.003384549,0.001086397,-0.010617421,-0.000768305,0.002443351,0.004104837,0,0,0,0,,0,0,0,0,0,0.2,0.3,0.45,0.05,0,0,0,0,,0,0,0,0,-0.000153224,0,0,0.002177187,0.001847159,0,0,0,0,,0,-15.38461538,-59.09090909,-16.92274554,4.526655961,-33.17944154,-5.487891643,16.2890097,25.65523177,0,0,0,0,,0,0,0,0,25.908,0,10.92488432,-4.983115678,19.28122573,0.383140577,83.0990675
65,46,2018-08-19,1,PI_F_R2_2018,Guar,Hadiqa,Guar,0.46,474,0,0.46,,0.392234047,2.118383144,4.543164763,-6.661547907,4.543164763,,87.64223227,5.400814031,0,0,232,0.3,0.35,0.291922746,0.313380122,0.35,0.36,0.37,0.37,0,0,0,0,,0,-0.004,-0.018,-0.008384549,-0.004676024,0,0,0,0,0,0,0,0,,0,0,0,0,0,0.2,0.3,0.45,0.05,0,0,0,0,,0,0.01,0.01,0.015,0.02,0.025762422,0.015819646,0.016063309,0.020024612,0,0,0,0,,0,-15.38461538,-81.81818182,-41.92274554,-19.48343531,0,0,0,0,0,0,0,0,,0,0,0,0,0.254,0.01,-16.40754791,-6.661547907,-5.202835237,0.392234047,87.64223227
66,47,2018-08-20,1,PI_F_R2_2018,Guar,Hadiqa,Guar,0.48,492,0,0.48,,0.343921103,1.795046784,4.590945824,-6.385992608,4.590945824,,92.23317809,5.219356326,0,0,233,0.3,0.3,0.291922746,0.316040542,0.342796416,0.368142375,0.346255475,0.330613001,0,0,0,0,,0,-0.004,-0.008,-0.008384549,-0.005208108,0.001440717,-0.000814237,0.002374452,0.0039387,0,0,0,0,,0,0,0,0,0,0.2,0.3,0.45,0.05,0,0,0,0,,0,0.01,0.01,0,0,0.000532084,0,0.002177187,0.001847159,0,0,0,0,,0,-15.38461538,-36.36363636,-41.92274554,-21.7004513,4.502239971,-5.815981909,15.82968333,24.61687452,0,0,0,0,,0,0,0,0,0,0.01,-6.385992608,-6.385992608,4.590945824,0.343921103,92.23317809
67,48,2018-08-21,1,PI_F_R2_2018,Guar,Hadiqa,Guar,0.5,510,0,0.5,,0.313315885,1.673966298,4.904638212,-6.57860451,4.904638212,,97.1378163,5.34274315,0,0,234,0.3,0.3,0.291922746,0.316040542,0.355990052,0.285845269,0.348951193,0.31996719,0,0,0,0,,0,-0.004,-0.008,-0.008384549,-0.005208108,-0.00119801,0.007415473,0.002104881,0.005003281,0,0,0,0,,0,0,0,0,0,0.2,0.3,0.45,0.05,0,0,0,0,,0,0,0,0,0,0,0.003556916,-0.00329551,-0.000960013,0,0,0,0,,0,-15.38461538,-36.36363636,-41.92274554,-21.7004513,-3.743782603,52.96766504,14.03253799,31.27050615,0,0,0,0,,0,0,0,0,0,0,-6.57860451,-6.57860451,4.904638212,0.313315885,97.1378163
68,49,2018-08-22,1,PI_F_R2_2018,Guar,Hadiqa,Guar,0.52,528,0,0.52,,0.297134432,1.754085566,5.645954345,-7.400039911,5.645954345,,102.7837706,5.903339968,0,0,235,0.3,0.3,0.291922746,0.317235801,0.325843991,0.354993637,0.269174439,0.322711133,0,0,0,0,,0,-0.004,-0.008,-0.008384549,-0.00544716,0.004831202,0.000500636,0.010082556,0.004728887,0,0,0,0,,0,0,0,0,0.155636639,0.207515519,0.221816804,0.363152158,0.05187888,0,0,0,0,,0,0,0,0,0,0.001002393,-0.00400903,0.003993738,-0.002202808,0,0,0,0,,0,-15.38461538,-36.36363636,-41.92274554,-22.69650111,15.09750543,3.575973679,67.21704043,29.55554189,0,0,0,0,,0,0,0,0,2.286,0,-5.114039911,-7.400039911,7.931954345,0.297134432,102.7837706
69,50,2018-08-23,1,PI_F_R2_2018,Guar,Hadiqa,Guar,0.54,546,0,0.54,,0.265983847,1.710320699,6.396730666,-8.107051365,6.396730666,,109.1805013,6.430167537,0,0,236,0.3,0.3,0.291922746,0.302427979,0.343222023,0.275474031,0.315402715,0.299721645,0,0,0,0,,0,-0.004,-0.008,-0.008384549,-0.002485596,0.001355595,0.008452597,0.005459729,0.007027835,0,0,0,0,,0,0,0,0,0.174699173,0.23293223,0.291165288,0.242970251,0.058233058,0,0,0,0,,0,0,0,0,0,-0.001975221,0.00281551,-0.003492544,0.002502082,0,0,0,0,,0,-15.38461538,-36.36363636,-41.92274554,-10.35664931,4.236235587,60.37569236,36.39819007,43.92397167,0,0,0,0,,0,0,0,0,0,0,-8.107051365,-8.107051365,6.396730666,0.265983847,109.1805013
70,51,2018-08-24,1,PI_F_R2_2018,Guar,Hadiqa,Guar,0.56,564,0,0.56,,0.242342478,1.70804297,7.282049806,-8.990092776,7.282049806,,116.4625511,7.0480544,0,0,237,0.3,0.3,0.291922746,0.301671505,0.315696346,0.316125499,0.263340309,0.286626372,0,0,0,0,,0,-0.004,-0.008,-0.008384549,-0.002334301,0.006860731,0.00438745,0.010665969,0.008337363,0,0,0,0,,0,0,0,0,0.161271163,0.215028217,0.193644187,0.37629938,0.053757054,0,0,0,0,,0,0,0,0,0,0.000880313,-0.003249344,0.002054492,-0.000744663,0,0,0,0,,0,-15.38461538,-36.36363636,-41.92274554,-9.726254057,21.4397837,31.33892959,71.10646072,52.1085173,0,0,0,0,,0,0,0,0,0,0,-8.990092776,-8.990092776,7.282049806,0.242342478,116.4625511
71,52,2018-08-25,1,PI_F_R2_2018,Guar,Hadiqa,Guar,0.58,582,0,0.58,,0.14572285,0.91266418,6.711445301,-7.624109481,6.711445301,,123.1739964,6.263013532,0,0,238,0.3,0.3,0.287123446,0.293901594,0.3136205,0.270893925,0.27917311,0.25541433,0,0,0,0,,0,-0.004,-0.008,-0.007424689,-0.000780319,0.0072759,0.008910608,0.009082689,0.011458567,0,0,0,0,,0,0,0,0,0.181289544,0.241719392,0.30214924,0.222222278,0.052619546,0,0,0,0,,0,0,0,0,-0.00095986,-0.001193683,0.000151361,-0.002171531,0.001029983,0,0,0,0,,0,-15.38461538,-36.36363636,-37.12344644,-3.251327926,22.73718767,63.64719661,60.55125969,71.61604345,0,0,0,0,,0,0,0,0,1.778,0,-5.846109481,-7.624109481,8.489445301,0.14572285,123.1739964
72,53,2018-08-26,1,PI_F_R2_2018,Guar,Hadiqa,Guar,0.6,600,0,0.6,,0.130642487,0.990793092,8.418244007,-9.4090371,8.418244007,,131.5922404,7.58400361,0,0,239,0.3,0.3,0.281727837,0.289232085,0.299522391,0.27814651,0.247991531,0.269208683,0,0,0,0,,0,-0.004,-0.008,-0.006345567,0.000153583,0.010095522,0.008185349,0.012200847,0.010079132,0,0,0,0,,0,0,0,0,0.189374559,0.252499413,0.208615034,0.316934029,0.032576965,0,0,0,0,,0,0,0,0,-0.001079122,-0.000742047,-0.001867032,0.000258335,-0.000732738,0,0,0,0,,0,-15.38461538,-36.36363636,-31.7278369,0.639929344,31.54850553,58.46677855,81.33897902,62.9945731,0,0,0,0,,0,0,0,0,0,0,-9.4090371,-9.4090371,8.418244007,0.130642487,131.5922404
73,54,2018-08-27,1,PI_F_R2_2018,Guar,Hadiqa,Guar,0.6,600,0,0.6,,0.12821826,1.039690866,8.386932268,-9.426623133,9.000721561,,140.592962,8.108758163,0,0,240,0.3,0.3,0.277301191,0.279188608,0.287895165,0.254485702,0.250844614,0.248120736,0,0,0,0,,0,-0.004,-0.008,-0.005460238,0.002162278,0.012420967,0.01055143,0.011915539,0.012187926,0,0,0,0,,0,0,0,0,0.217019974,0.289359965,0.273137535,0.171810303,0.048672223,0,0,0,0,,0,0,0,0,-0.000885329,-0.001067098,-0.00095664,-0.001023382,0.000708267,0,0,0,0,,0,-15.38461538,-36.36363636,-27.30119064,9.00949342,38.81552206,75.36735539,79.43692401,76.1745398,0,0,0,0,,0,0,0,0,0,0,-9.426623133,-9.426623133,8.386932268,0.12821826,140.592962
74,55,2018-08-28,1,PI_F_R2_2018,Guar,Hadiqa,Guar,0.6,600,0,0.6,,0.111591993,0.855492238,6.657559887,-7.513052125,8.50953871,,149.1025007,7.66625109,0,0,241,0.3,0.3,0.27167567,0.26998593,0.27329567,0.248297764,0.234732207,0.235010237,0,0,0,0,,0,-0.004,-0.008,-0.004335134,0.004002814,0.015340866,0.011170224,0.013526779,0.013498976,0,0,0,0,,0,0,0,0,0.24410804,0.325477387,0.182212927,0.212953244,0.035248402,0,0,0,0,,0,0,0,0,-0.001125104,-0.000918322,-0.001108464,-0.000199051,-2.42669E-05,0,0,0,0,,0,-15.38461538,-36.36363636,-21.67567036,16.67839187,47.94020642,79.7873112,90.17852872,84.36860188,0,0,0,0,,0,0,0,31.75,32.258,0,24.74494788,-7.513052125,38.91555989,0.111591993,149.1025007
75,56,2018-08-29,1,PI_F_R2_2018,Guar,Hadiqa,Guar,0.6,600,0,0.6,,0.132061166,0.882525876,7.417803091,-8.300328967,7.417803091,,156.5203038,6.682705487,0,0,242,0.3,0.3,0.265938614,0.261523443,0.261571845,0.243624241,0.403712179,0.37,0,0,0,0,,0,-0.004,-0.008,-0.003187723,0.005695311,0.017685631,0.011637576,-0.003371218,0,0,0,0,0,,0,0,0,0,0.295336732,0.372731377,0.180895438,0.123057507,0.027978946,0,0,0,0,,0,0,0,0,-0.001147411,-0.000873687,-0.00073697,0,0.01771726,0,0,0,0,,0,-15.38461538,-36.36363636,-15.93861425,23.73046391,55.26759661,83.12554181,-22.47478617,0,0,0,0,0,,0,0,0,0,0,0,-8.300328967,-8.300328967,7.417803091,0.132061166,156.5203038
76,57,2018-08-30,1,PI_F_R2_2018,Guar,Hadiqa,Guar,0.6,600,0,0.6,,0.176516456,1.119685219,7.040989952,-8.160675171,7.040989952,,163.5612937,6.343234191,0,0,243,0.3,0.3,0.260417682,0.256092826,0.255414346,0.274217424,0.280312627,0.414021177,0,0,0,0,,0,-0.004,-0.008,-0.002083536,0.006781435,0.018917131,0.008578258,0.008968737,-0.004402118,0,0,0,0,,0,0,0,0,0.190026072,0.206068434,0.097169303,0.443394167,0.063342024,0,0,0,0,,0,0,0,0,-0.001104186,-0.000780734,-0.000483659,0.003296442,-0.005754502,0,0,0,0,,0,-15.38461538,-36.36363636,-10.41768197,28.25597802,59.11603379,61.2732685,59.79158201,-27.51323583,0,0,0,0,,0,0,0,0,0,0,-8.160675171,-8.160675171,7.040989952,0.176516456,163.5612937
77,58,2018-08-31,1,PI_F_R2_2018,Guar,Hadiqa,Guar,0.6,600,0,0.6,,0.179564776,1.356280214,8.29636099,-9.652641204,8.383999764,,171.9452935,7.553152941,0,0,244,0.3,0.3,0.255550441,0.250666148,0.254480543,0.255544833,0.255540916,0.398314174,0,0,0,0,,0,-0.004,-0.008,-0.001110088,0.00786677,0.019103891,0.010445517,0.011445908,-0.002831417,0,0,0,0,,0,0,0,0,0.192166938,0.190461736,0.225515073,0.327800606,0.064055646,0,0,0,0,,0,0,0,0,-0.000973448,-0.000705738,0.00044854,0.00016913,0,0,0,0,0,,0,-15.38461538,-36.36363636,-5.550440717,32.77821006,59.69966073,74.6108338,76.30605593,-17.69635846,0,0,0,0,,0,0,0,0,0,0,-9.652641204,-9.652641204,8.29636099,0.179564776,171.9452935
78,59,2018-09-01,1,PI_F_R2_2018,Guar,Hadiqa,Guar,0.6,600,0,0.6,,0.145299403,0.70323619,4.468561332,-5.171797521,5.372301283,,177.3175948,4.839911066,0,0,245,0.3,0.3,0.251107583,0.242057586,0.247378578,0.239158667,0.236040221,0.377981392,0,0,0,0,,0,-0.004,-0.008,-0.000221517,0.009588483,0.020524284,0.012084133,0.013395978,-0.000798139,0,0,0,0,,0,0,0,0,0.244805379,0.239169451,0.18834559,0.246077787,0.081601793,0,0,0,0,,0,0,0,0,-0.000888572,-0.00057929,-1.5447E-05,-9.14806E-05,0,0,0,0,0,,0,-15.38461538,-36.36363636,-1.107582538,39.95201136,64.13838871,86.31523814,89.30651957,-4.988370036,0,0,0,0,,0,0,0,0,9.144,0,3.972202479,-5.171797521,13.61256133,0.145299403,177.3175948
79,60,2018-09-02,1,PI_F_R2_2018,Guar,Hadiqa,Guar,0.6,600,0,0.6,,0.158021435,1.001803674,6.469866203,-7.471669877,7.03703317,,184.354628,6.339669523,0,0,246,0.3,0.293775427,0.252855415,0.236950002,0.242297527,0.233822393,0.318410663,0.37,0,0,0,0,,0,-0.004,-0.006755085,-0.000571083,0.01061,0.021540495,0.012617761,0.005158934,0,0,0,0,0,,0,0,0,0,0.325620651,0.283085605,0.135031548,0.147721978,0.108540217,0,0,0,0,,0,0,0,-0.001244915,-0.000895348,-0.000461809,-0.000213034,-0.000143265,0.008753884,0,0,0,0,,0,-15.38461538,-30.7049338,-2.855415074,44.20833177,67.31404581,90.126862,34.39289123,0,0,0,0,0,,0,0,0,0,0,0,-7.471669877,-7.471669877,6.469866203,0.158021435,184.354628
80,61,2018-09-03,1,PI_F_R2_2018,Guar,Hadiqa,Guar,0.6,600,0,0.6,,0.149344698,0.594923508,3.553639489,-4.148562997,4.421751166,,188.7763791,3.983559609,0,0,247,0.3,0.288996221,0.252420312,0.23331415,0.237955102,0.250419866,0.326945653,0.296536009,0,0,0,0,,0,-0.004,-0.005799244,-0.000484062,0.01133717,0.02240898,0.010958013,0.004305435,0.007346399,0,0,0,0,,0,0,0,0,0.210161765,0.166529402,0.062877458,0.490377453,0.070053922,0,0,0,0,,0,0,0,-0.000955841,-0.001042862,-0.000410314,-0.000201376,0.00186518,0.005891356,0,0,0,0,,0,-15.38461538,-26.36020074,-2.420312371,47.23820804,70.02806122,78.27152427,28.70289809,45.91499425,0,0,0,0,,0,0,0,0,5.334,0,1.185437003,-4.148562997,8.887639489,0.149344698,188.7763791
81,62,2018-09-04,1,PI_F_R2_2018,Guar,Hadiqa,Guar,0.6,600,0,0.6,,0.099122691,0.44939107,4.24837939,-4.69777046,5.032390482,,193.8087696,4.533685119,0,0,248,0.3,0.285160291,0.250924943,0.23332169,0.23827744,0.268190163,0.268677983,0.358890594,0,0,0,0,,0,-0.004,-0.005032058,-0.000184989,0.011335662,0.022344512,0.009180984,0.010132202,0.001110941,0,0,0,0,,0,0,0,0,0.191651867,0.145160044,0.131544147,0.46615784,0.065486102,0,0,0,0,,0,0,0,-0.000767186,-0.00106626,-0.00038369,0.000196624,0.002441114,-0.001729096,0,0,0,0,,0,-15.38461538,-22.87299209,-0.924942539,47.2319246,69.82659988,65.57845481,67.54801105,6.94337903,0,0,0,0,,0,0,0,0,0,0,-4.69777046,-4.69777046,4.24837939,0.099122691,193.8087696
82,63,2018-09-05,1,PI_F_R2_2018,Guar,Hadiqa,Guar,0.6,600,0,0.6,,0.088855937,0.28295539,2.749824719,-3.032780108,3.534715766,,197.3434854,3.184428618,0,0,249,0.3,0.281876371,0.249123481,0.231918085,0.239286525,0.252156692,0.293767077,0.313817072,0,0,0,0,,0,-0.004,-0.004375274,0.000175304,0.011616383,0.022142695,0.010784331,0.007623292,0.005618293,0,0,0,0,,0,0,0,0,0.215888199,0.164596515,0.234712792,0.309795962,0.075006532,0,0,0,0,,0,0,0,-0.000656784,-0.001017076,-0.000380623,0.000520463,-8.57353E-05,0.003739305,0,0,0,0,,0,-15.38461538,-19.88761019,0.876518956,48.40159618,69.19592197,77.03093403,50.82194895,35.11432975,0,0,0,0,,0,0,0,0,0,0,-3.032780108,-3.032780108,2.749824719,0.088855937,197.3434854
83,64,2018-09-06,1,PI_F_R2_2018,Guar,Hadiqa,Guar,0.6,600,0,0.6,,0.094968571,0.340802087,2.951088681,-3.291890768,3.983321127,,201.3268065,3.588577592,0,0,250,0.3,0.27894998,0.247186761,0.232381153,0.239911324,0.260276708,0.283123602,0.293563217,0,0,0,0,,0,-0.004,-0.003789996,0.000562648,0.011523769,0.022017735,0.009972329,0.00868764,0.007643678,0,0,0,0,,0,0,0,0,0.195423032,0.15555588,0.144987835,0.434597856,0.069435396,0,0,0,0,,0,0,0,-0.000585278,-0.000972622,-0.000342629,0.000210082,0.001420775,0.001551495,0,0,0,0,,0,-15.38461538,-17.22725455,2.813239135,48.0157055,68.80542248,71.23092291,57.91759843,47.77298954,0,0,0,0,,0,0,0,0,0,0,-3.291890768,-3.291890768,2.951088681,0.094968571,201.3268065
84,65,2018-09-07,1,PI_F_R2_2018,Guar,Hadiqa,Guar,0.6,600,0,0.6,,0.053241766,0.151642081,2.206397716,-2.358039797,3.161478692,,204.4882852,2.848179002,0,0,251,0.3,0.276267758,0.245341892,0.23220171,0.241046579,0.259408435,0.270828186,0.280950557,0,0,0,0,,0,-0.004,-0.003253552,0.000931622,0.011559658,0.021790684,0.010059157,0.009917181,0.008904944,0,0,0,0,,0,0,0,0,0.20217377,0.161759762,0.186477885,0.381882675,0.067705908,0,0,0,0,,0,0,0,-0.000536444,-0.000905418,-0.000344674,0.000359744,0.00082323,0.000720658,0,0,0,0,,0,-15.38461538,-14.78887086,4.658107593,48.16524164,68.09588835,71.85111792,66.11454255,55.655902,0,0,0,0,,0,0,0,0,0,0,-2.358039797,-2.358039797,2.206397716,0.053241766,204.4882852
85,66,2018-09-08,1,PI_F_R2_2018,Guar,Hadiqa,Guar,0.6,600,0,0.6,,0.10393558,0.406352093,2.910734841,-3.317086934,4.339715275,,208.8280005,3.909653401,0,0,252,0.3,0.273783087,0.243585697,0.232372634,0.242330346,0.255031776,0.265624274,0.27252308,0,0,0,0,,0,-0.004,-0.002756617,0.001282861,0.011525473,0.021533931,0.010496822,0.010437573,0.009747692,0,0,0,0,,0,0,0,0,0.22044604,0.180911684,0.199522154,0.336257022,0.0628631,0,0,0,0,,0,0,0,-0.000496934,-0.000848173,-0.000327597,0.00032832,0.000330879,0.000552405,0,0,0,0,,0,-15.38461538,-12.53007925,6.41430292,48.02280511,67.29353371,74.97730262,69.58381765,60.92307519,0,0,0,0,,0,0,0,0,0,0,-3.317086934,-3.317086934,2.910734841,0.10393558,208.8280005
86,67,2018-09-09,1,PI_F_R2_2018,Guar,Hadiqa,Guar,0.6,600,0,0.6,,0.075197274,0.351088861,3.240173508,-3.591262368,5.182483544,,214.010484,4.668904094,0,0,253,0.3,0.271462868,0.241959182,0.23132628,0.242137961,0.25009044,0.257181892,0.263106875,0,0,0,0,,0,-0.004,-0.002292574,0.001608164,0.011734744,0.021572408,0.010990956,0.011281811,0.010689312,0,0,0,0,,0,0,0,0,0.234885845,0.197068118,0.188463339,0.320719597,0.0588631,0,0,0,0,,0,0,0,-0.000464044,-0.000789347,-0.000314927,0.000220209,0.000274642,0.000363933,0,0,0,0,,0,-15.38461538,-10.4207892,8.04081836,48.89476674,67.41377421,78.50682859,75.21207219,66.8082031,0,0,0,0,,0,0,0,0,0,0,-3.591262368,-3.591262368,3.240173508,0.075197274,214.010484
87,68,2018-09-10,1,PI_F_R2_2018,Guar,Hadiqa,Guar,0.6,600,0,0.6,,0.101880445,0.519494593,3.249465277,-3.768959869,5.659957589,,219.6704416,5.099060891,0,0,254,0.3,0.269289016,0.240370188,0.229456029,0.240689016,0.244394741,0.249143068,0.255092858,0,0,0,0,,0,-0.004,-0.001857803,0.001925962,0.012108794,0.021862197,0.011560526,0.012085693,0.011490714,0,0,0,0,,0,0,0,0,0.256452064,0.218028679,0.179758765,0.290240379,0.055520112,0,0,0,0,,0,0,0,-0.00043477,-0.000752569,-0.00029567,0.000120992,0.000133871,0.000270418,0,0,0,0,,0,-15.38461538,-8.44455989,9.629812101,50.45330904,68.31936481,82.57518533,80.57128802,71.81696378,0,0,0,0,,0,0,0,31.75,33.02,0,29.25104013,-3.768959869,36.26946528,0.101880445,219.6704416
88,69,2018-09-11,1,PI_F_R2_2018,Guar,Hadiqa,Guar,0.6,600,0,0.6,,0.140933595,0.765517329,6.02925252,-6.794769849,6.02925252,,225.6996941,5.431759027,0,0,255,0.3,0.267236204,0.23877514,0.227136601,0.238322273,0.31780913,0.37,0.37,0,0,0,0,,0,-0.004,-0.001447241,0.002244972,0.01257268,0.022335545,0.004219087,0,0,0,0,0,0,,0,0,0,0,0.282225821,0.240610573,0.165424187,0.258227735,0.053511684,0,0,0,0,,0,0,0,-0.000410562,-0.000729572,-0.000276375,3.21325E-05,0.007911112,0.020835907,0,0,0,0,,0,-15.38461538,-6.578367194,11.22485961,52.3861659,69.79857949,30.1363356,0,0,0,0,0,0,,0,0,0,0,0,0,-6.794769849,-6.794769849,6.02925252,0.140933595,225.6996941
89,70,2018-09-12,1,PI_F_R2_2018,Guar,Hadiqa,Guar,0.6,600,0,0.6,,0.155043678,0.951064424,6.808929758,-7.759994182,6.808929758,,232.5086239,6.134170953,0,0,256,0.3,0.265279887,0.237169117,0.224995502,0.241773175,0.34761858,0.306263126,0.3404848,0,0,0,0,,0,-0.004,-0.001055977,0.002566177,0.0130009,0.021645365,0.001238142,0.006373687,0.00295152,0,0,0,0,,0,0,0,0,0.145958119,0.123441506,0.281000144,0.393400202,0.056200029,0,0,0,0,,0,0,0,-0.000391263,-0.000712468,-0.00026067,0.001173771,0.005848937,0.001847159,0,0,0,0,,0,-15.38461538,-4.799897238,12.83088321,54.17041504,67.64176541,8.843871112,42.49124962,18.44700022,0,0,0,0,,0,0,0,0,0,0,-7.759994182,-7.759994182,6.808929758,0.155043678,232.5086239
90,71,2018-09-13,1,PI_F_R2_2018,Guar,Hadiqa,Guar,0.6,600,0,0.6,,0.186312162,1.231275726,6.434099172,-7.665374898,7.335624477,,239.8442484,6.6086707,0,0,257,0.3,0.263400886,0.235584684,0.222839636,0.245629439,0.278742763,0.34640595,0.295143924,0,0,0,0,,0,-0.004,-0.000680177,0.002883063,0.013432073,0.020874112,0.008125724,0.002359405,0.007485608,0,0,0,0,,0,0,0,0,0.140020081,0.131815947,0.280063066,0.392088292,0.056012613,0,0,0,0,,0,0,0,-0.0003758,-0.000692687,-0.000170473,0.001498305,-0.003482347,0.003201637,0,0,0,0,,0,-15.38461538,-3.091714173,14.41531634,55.96696986,65.23160062,58.04088363,15.72936662,46.78504744,0,0,0,0,,0,0,0,0,0,0,-7.665374898,-7.665374898,6.434099172,0.186312162,239.8442484
91,72,2018-09-14,1,PI_F_R2_2018,Guar,Hadiqa,Guar,0.6,600,0,0.6,,0.191726065,1.264554993,5.499943096,-6.764498089,7.321153956,,247.1654023,6.595634195,0,0,258,0.3,0.261588444,0.234028757,0.221265209,0.244412561,0.294920593,0.250957736,0.310079906,0,0,0,0,,0,-0.004,-0.000317689,0.003194249,0.013746958,0.021117488,0.006507941,0.011904226,0.005992009,0,0,0,0,,0,0,0,0,0.143713557,0.151301279,0.228241309,0.418850117,0.057893738,0,0,0,0,,0,0,0,-0.000362488,-0.000673674,-6.38917E-05,0.00066622,0.00375253,-0.003097368,0,0,0,0,,0,-15.38461538,-1.444040142,15.97124285,57.27899251,65.99214956,46.48529106,79.36150935,37.45005845,0,0,0,0,,0,0,0,0,0,0,-6.764498089,-6.764498089,5.499943096,0.191726065,247.1654023
92,73,2018-09-15,1,PI_F_R2_2018,Guar,Hadiqa,Guar,0.6,600,0,0.6,,0.145857299,0.725710962,3.541008253,-4.266719214,5.522789552,,252.6881919,4.975486083,0,0,259,0.296801152,0.263033881,0.232533545,0.219430467,0.244331973,0.250248947,0.274408736,0.273983477,0,0,0,0,,0,-0.00336023,-0.000606776,0.003493291,0.014113907,0.021133605,0.010975105,0.009559126,0.009601652,0,0,0,0,,0,0,0,0,0.175268691,0.186029053,0.365918843,0.197568442,0.075214971,0,0,0,0,,0,0,-0.00063977,-0.000350682,-0.000649725,-5.27051E-05,0.000954326,-0.001500305,0.00193141,0,0,0,0,,0,-12.92396314,-2.758073742,17.46645514,58.80794381,66.04251712,78.39360948,63.72750938,60.01032672,0,0,0,0,,0,0,0,0,0,0,-4.266719214,-4.266719214,3.541008253,0.145857299,252.6881919
93,74,2018-09-16,1,PI_F_R2_2018,Guar,Hadiqa,Guar,0.6,600,0,0.6,,0.08958801,0.47387243,3.380124205,-3.853996635,5.871303492,,258.5594954,5.289462605,0,0,260,0.296801152,0.260938735,0.23147674,0.219184859,0.241201804,0.251011571,0.254455599,0.263562251,0,0,0,0,,0,-0.00336023,-0.000187747,0.003704652,0.014163028,0.021759639,0.010898843,0.01155444,0.010643775,0,0,0,0,,0,0,0,0,0.18685861,0.205387434,0.163354316,0.383931552,0.060468089,0,0,0,0,,0,0,0,-0.000419029,-0.00063039,-1.78438E-05,8.34011E-05,0.000738102,0.000102294,0,0,0,0,,0,-12.92396314,-0.853395529,18.52325963,59.0126171,67.99887243,77.84887783,77.02960034,66.52359301,0,0,0,0,,0,0,0,0,0,0,-3.853996635,-3.853996635,3.380124205,0.08958801,258.5594954
94,75,2018-09-17,1,PI_F_R2_2018,Guar,Hadiqa,Guar,0.6,600,0,0.6,,0.113217303,0.599490464,3.04016265,-3.639653115,5.877497498,,264.4369929,5.295042791,0,0,261,0.29430522,0.261492318,0.230383014,0.218160577,0.238414815,0.242900628,0.248139105,0.253144418,0,0,0,0,,0,-0.002861044,-0.000298464,0.003923397,0.014367885,0.022317037,0.011709937,0.012186089,0.011685558,0,0,0,0,,0,0,0,0,0.221158335,0.23022747,0.199203793,0.289200114,0.060210288,0,0,0,0,,0,0,-0.000499186,-0.00038847,-0.000607215,-6.4529E-05,0.000156271,1.85098E-05,0.000364393,0,0,0,0,,0,-11.00401574,-1.356652492,19.61698612,59.86618613,69.74074085,83.64240883,81.24059655,73.03473874,0,0,0,0,,0,0,0,31.75,31.75,0,28.11034689,-3.639653115,34.79016265,0.113217303,264.4369929
95,76,2018-09-18,1,PI_F_R2_2018,Guar,Hadiqa,Guar,0.6,600,0,0.6,,0.133920264,0.731824056,6.065734006,-6.797558061,6.065734006,,270.5027269,5.46462523,0,0,262,0.292637541,0.261048797,0.229539451,0.216874632,0.235256972,0.23728972,0.432795,0.37,0,0,0,0,,0,-0.002527508,-0.000209759,0.00409211,0.014625074,0.022948606,0.012271028,-0.0062795,0,0,0,0,0,,0,0,0,0,0.25005101,0.251371021,0.169858107,0.272718117,0.056001745,0,0,0,0,,0,0,-0.000333536,-0.00042224,-0.000590953,-8.79458E-05,4.46945E-05,0,0.019294697,0,0,0,0,,0,-9.721185291,-0.953452002,20.46054908,60.93780664,71.7143924,87.65020003,-41.86333338,0,0,0,0,0,,0,0,0,0,0,0,-6.797558061,-6.797558061,6.065734006,0.133920264,270.5027269
96,77,2018-09-19,1,PI_F_R2_2018,Guar,Hadiqa,Guar,0.6,600,0,0.6,,0.147491873,0.82578583,5.730348214,-6.556134044,6.214730715,,276.7174576,5.5988565,0,0,263,0.291277344,0.260275279,0.228757461,0.214387428,0.231102996,0.263175249,0.215725793,0.512321868,0,0,0,0,,0,-0.002255469,-5.50557E-05,0.004248508,0.015122514,0.023779401,0.009682475,0.015427421,-0.014232187,0,0,0,0,,0,0,0,0,0.160073897,0.154549691,0.084347568,0.525900238,0.075128605,0,0,0,0,,0,0,-0.000272039,-0.000426743,-0.000583141,-0.000109616,-2.95403E-06,0.003097229,-0.015419721,0,0,0,0,,0,-8.674879886,-0.250253189,21.2425389,63.01047651,74.31062724,69.16053634,102.8494715,-88.95116735,0,0,0,0,,0,0,0,0,0,0,-6.556134044,-6.556134044,5.730348214,0.147491873,276.7174576
97,78,2018-09-20,1,PI_F_R2_2018,Guar,Hadiqa,Guar,0.6,600,0,0.6,,0.147357332,0.667043595,4.092997613,-4.760041208,5.024645733,,281.7421033,4.526707868,0,0,264,0.290040059,0.259400472,0.227939968,0.209194285,0.227154408,0.237466557,0.342337645,0.37,0,0,0,0,,0,-0.002008012,0.000119906,0.004412006,0.016161143,0.024569118,0.012253344,0.002766235,0,0,0,0,0,,0,0,0,0,0.262384573,0.242969521,0.364598709,0,0.130047197,0,0,0,0,,0,0,-0.000247457,-0.000422418,-0.000585917,-0.000120991,0.000481592,0,0.012661185,0,0,0,0,,0,-7.72312215,0.54502544,22.06003219,67.33809549,76.77849518,87.523888,18.44156996,0,0,0,0,0,,0,0,0,0,19.304,0,14.54395879,-4.760041208,23.39699761,0.147357332,281.7421033
98,79,2018-09-21,1,PI_F_R2_2018,Guar,Hadiqa,Guar,0.6,600,0,0.6,,0.051975031,0.111878559,2.389324224,-2.501202783,2.389324224,,284.1314275,2.152544346,0,0,265,0.288861761,0.258496601,0.22703015,0.208864251,0.224841844,0.366512956,0.37,0.37,0,0,0,0,,0,-0.001772352,0.00030068,0.00459397,0.01622715,0.025031631,-0.000651296,0,0,0,0,0,0,,0,0,0,0,0.141342069,0.133985881,0.089982479,0.555353374,0.079336196,0,0,0,0,,0,0,-0.000235659,-0.000416434,-0.000598397,-8.58912E-05,0,0.013272938,0.018312234,0,0,0,0,,0,-6.816739488,1.366726538,22.96984951,67.61312376,78.22384724,-4.652111581,0,0,0,0,0,0,,0,0,0,0,0.254,0,-2.247202783,-2.501202783,2.643324224,0.051975031,284.1314275
99,80,2018-09-22,1,PI_F_R2_2018,Guar,Hadiqa,Guar,0.6,600,0,0.6,,0.17111541,0.634675775,4.117046547,-4.751722322,4.117046547,,288.2484741,3.709050943,0,0,266,0.287718081,0.257583604,0.22617285,0.209951971,0.229936455,0.347773695,0.378242236,0.351488293,0,0,0,0,,0,-0.001543616,0.000483279,0.00476543,0.016009606,0.024012709,0.00122263,-0.000824224,0.001851171,0,0,0,0,,0,0,0,0,0.108044462,0.096861979,0.305805215,0.428127301,0.061161043,0,0,0,0,,0,0,-0.000228736,-0.000411335,-0.000582796,-0.000107098,0.001143258,0,0.001847159,0,0,0,0,,0,-5.936985114,2.196723439,23.82715046,66.70669071,75.03971572,8.733074878,-5.494824059,11.56981663,0,0,0,0,,0,0,0,0,0,0,-4.751722322,-4.751722322,4.117046547,0.17111541,288.2484741
100,81,2018-09-23,1,PI_F_R2_2018,Guar,Hadiqa,Guar,0.6,600,0,0.6,,0.150097686,0.733308148,5.324136059,-6.057444207,5.422948667,,293.6714227,4.88553934,0,0,267,0.28659741,0.256678082,0.225391906,0.210192681,0.228008282,0.391670857,0.275100332,0.372205011,0,0,0,0,,0,-0.001319482,0.000664384,0.004921619,0.015961464,0.024398344,-0.003167086,0.009489967,-0.000220501,0,0,0,0,,0,0,0,0,0.109191678,0.109149271,0.300638097,0.420893335,0.060127619,0,0,0,0,,0,0,-0.000224134,-0.000405239,-0.000561427,-6.37381E-05,0,0.005627457,-0.002953896,0,0,0,0,,0,-5.07493064,3.019925163,24.60809398,66.50609956,76.24482346,-22.62204078,63.26644541,-1.378131842,0,0,0,0,,0,0,0,0,0,0,-6.057444207,-6.057444207,5.324136059,0.150097686,293.6714227
101,82,2018-09-24,1,PI_F_R2_2018,Guar,Hadiqa,Guar,0.6,600,0,0.6,,0.155178218,0.937969688,5.921303601,-6.859273289,6.709358857,,300.3807816,6.044467438,0,0,268,0.285495982,0.255788474,0.224658222,0.209043824,0.23177003,0.312221226,0.349854623,0.31654957,0,0,0,0,,0,-0.001099196,0.000842305,0.005068356,0.016191235,0.023645994,0.004777877,0.002014538,0.005345043,0,0,0,0,,0,0,0,0,0.128388594,0.121410911,0.351376051,0.328549234,0.07027521,0,0,0,0,,0,0,-0.000220286,-0.000398207,-0.000544944,-9.11572E-05,0.0013076,-0.004766589,0.004458081,0,0,0,0,,0,-4.22767847,3.82866037,25.34177835,67.46348026,73.89373137,34.12769551,13.43025143,33.40651904,0,0,0,0,,0,0,0,0,0,0,-6.859273289,-6.859273289,5.921303601,0.155178218,300.3807816
102,83,2018-09-25,1,PI_F_R2_2018,Guar,Hadiqa,Guar,0.6,600,0,0.6,,0.160835799,1.017847902,5.400115368,-6.41796327,7.024624991,,307.4054066,6.328490983,0,0,269,0.284413306,0.254916615,0.223925214,0.208451978,0.233636468,0.320830255,0.263135162,0.328893169,0,0,0,0,,0,-0.000882661,0.001016677,0.005214957,0.016309604,0.023272706,0.003916974,0.010686484,0.004110683,0,0,0,0,,0,0,0,0,0.106440428,0.113872553,0.299879623,0.419831472,0.059975925,0,0,0,0,,0,0,-0.000216535,-0.000390907,-0.000537508,-2.56116E-05,0.00102195,0.003658531,-0.002527465,0,0,0,0,,0,-3.394850956,4.621259091,26.07478634,67.95668526,72.72720751,27.97838911,71.24322565,25.69176917,0,0,0,0,,0,0,0,0,0.508,0,-5.90996327,-6.41796327,5.908115368,0.160835799,307.4054066
103,84,2018-09-26,1,PI_F_R2_2018,Guar,Hadiqa,Guar,0.6,600,0,0.6,,0.108303087,0.311286568,2.143419526,-2.454706094,3.190380806,,310.5957874,2.874216942,0,0,270,0.283349489,0.254060097,0.223210427,0.20760857,0.235185676,0.266205463,0.298217019,0.293195116,0,0,0,0,,0,-0.000669898,0.001187981,0.005357915,0.016478286,0.022962865,0.009379454,0.007178298,0.007680488,0,0,0,0,,0,0,0,0,0.130519382,0.148117345,0.373378248,0.273309375,0.07467565,0,0,0,0,,0,0,-0.000212764,-0.000384067,-0.000527025,9.11371E-06,0.001118806,-0.002327388,0.0026567,0,0,0,0,,0,-2.576529663,5.399912089,26.78957303,68.65952477,71.75895258,66.99609753,47.85532081,48.00305278,0,0,0,0,,0,0,0,0,2.794,0,0.339293906,-2.454706094,4.937419526,0.108303087,310.5957874
104,85,2018-09-27,1,PI_F_R2_2018,Guar,Hadiqa,Guar,0.6,600,0,0.6,,0.114232886,0.322180936,2.151612709,-2.473793645,3.130629483,,313.7264169,2.820386922,0,0,271,0.282303999,0.253218726,0.222505344,0.209143584,0.235965287,0.270269372,0.274107086,0.317188718,0,0,0,0,,0,-0.0004608,0.001356255,0.005498931,0.016171283,0.022806943,0.008973063,0.009589291,0.005281128,0,0,0,0,,0,0,0,0,0.119163065,0.143171187,0.209146275,0.46261837,0.065901103,0,0,0,0,,0,0,-0.000209098,-0.000377372,-0.000518389,4.40302E-05,0.000506828,0.001361507,-5.79006E-05,0,0,0,0,,0,-1.772306645,6.164794938,27.4946565,67.38034695,71.27169556,64.09330549,63.92860938,33.00705097,0,0,0,0,,0,0,0,0,0,0,-2.473793645,-2.473793645,2.151612709,0.114232886,313.7264169
105,86,2018-09-28,1,PI_F_R2_2018,Guar,Hadiqa,Guar,0.6,600,0,0.6,,0.175122861,0.817717146,3.377642034,-4.19535918,5.183024234,,318.9094411,4.669391202,0,0,272,0.281276395,0.252391662,0.221880054,0.210276158,0.236880443,0.259620954,0.288276403,0.289794336,0,0,0,0,,0,-0.000255279,0.001521668,0.005623989,0.015944768,0.022623911,0.010037905,0.00817236,0.008020566,0,0,0,0,,0,0,0,0,0.139837391,0.164207393,0.256547716,0.360814221,0.078593279,0,0,0,0,,0,0,-0.000205521,-0.000370934,-0.000495991,3.13993E-05,0.000567741,5.48908E-05,0.002248155,0,0,0,0,,0,-0.981842158,6.916671215,28.11994598,66.43653498,70.69972294,71.69931834,54.48239774,50.12854011,0,0,0,0,,0,0,0,0,0,0,-4.19535918,-4.19535918,3.377642034,0.175122861,318.9094411
106,87,2018-09-29,1,PI_F_R2_2018,Guar,Hadiqa,Guar,0.6,600,0,0.6,,0.119957799,0.465365376,2.517854426,-2.983219802,4.306144076,,323.2155852,3.879409078,0,0,273,0.280266144,0.251583072,0.221320769,0.21045159,0.235934209,0.259910328,0.265534882,0.276590748,0,0,0,0,,0,-5.32288E-05,0.001683386,0.005735846,0.015909682,0.022813158,0.010008967,0.010446512,0.009340925,0,0,0,0,,0,0,0,0,0.138331962,0.161014954,0.194402298,0.437735642,0.068515144,0,0,0,0,,0,0,-0.00020205,-0.000363768,-0.000475625,2.66971E-05,0.000381301,0.00106686,0.000271222,0,0,0,0,,0,-0.204726276,7.651752916,28.67923132,66.29034173,71.2911192,71.49262285,69.64341198,58.38078272,0,0,0,0,,0,0,0,0,0,0,-2.983219802,-2.983219802,2.517854426,0.119957799,323.2155852
107,88,2018-09-30,1,PI_F_R2_2018,Guar,Hadiqa,Guar,0.6,600,0,0.6,,0.1523747,0.852091903,3.347841862,-4.199933765,6.207211667,,329.4227969,5.592082583,0,0,274,0.279273815,0.250794546,0.220785635,0.210739121,0.235503014,0.251159673,0.261111657,0.264851737,0,0,0,0,,0,0.000145237,0.001841091,0.005842873,0.015852176,0.022899397,0.010884033,0.010888834,0.010514826,0,0,0,0,,0,0,0,0,0.165077073,0.187450848,0.232668946,0.346866336,0.067936797,0,0,0,0,,0,0,-0.000198466,-0.000356171,-0.000463198,9.94841E-06,0.000395683,0.000106444,0.000537481,0,0,0,0,,0,0.558603842,8.368594865,29.21436518,66.05073253,71.56061627,77.74309087,72.59222855,65.71766463,0,0,0,0,,0,0,0,0,0,0,-4.199933765,-4.199933765,3.347841862,0.1523747,329.4227969
108,89,2018-10-01,1,PI_F_R2_2018,Guar,Hadiqa,Guar,0.6,604,0,0.6,,0.114152344,0.595617391,2.732779613,-3.328397003,5.791692743,,335.2144896,5.21774121,0,0,275,0.278300182,0.250024452,0.220278491,0.209902276,0.233289251,0.244309845,0.249285484,0.252131355,0,0,0,0,,0,0.000339964,0.00199511,0.005944302,0.016019545,0.02334215,0.011569015,0.012071452,0.011786864,0,0,0,0,,0,0,0,0,0.184164377,0.205699927,0.20122819,0.346917117,0.061990389,0,0,0,0,,0,0,-0.000194727,-0.000348745,-0.000450174,-9.89812E-07,0.000244908,0.000233606,0.000212412,0,0,0,0,,0,1.30755252,9.068679716,29.72150881,66.74810324,72.9442179,82.63582466,80.47634419,73.66790305,0,0,0,0,,0,0,0,0,0,0,-3.328397003,-3.328397003,2.732779613,0.114152344,335.2144896
109,90,2018-10-02,1,PI_F_R2_2018,Guar,Hadiqa,Guar,0.6,608,0,0.6,,0.080364645,0.374480827,2.172278579,-2.546759406,5.172345625,,340.3868352,4.659770833,0,0,276,0.277345446,0.249272179,0.219749108,0.20906805,0.230918032,0.238177466,0.241889302,0.243259621,0,0,0,0,,0,0.000530911,0.002145564,0.006050178,0.01618639,0.023816394,0.012182253,0.01281107,0.012674038,0,0,0,0,,0,0,0,0,0.217903583,0.236399622,0.189649133,0.298528554,0.057519108,0,0,0,0,,0,0,-0.000190947,-0.000341402,-0.000447278,-1.86411E-05,0.000153143,5.81744E-05,0.000134369,0,0,0,0,,0,2.041964331,9.752564839,30.25089178,67.44329139,74.42623006,87.01609568,85.40713202,79.21273709,0,0,0,0,,0,0,0,0,0,0,-2.546759406,-2.546759406,2.172278579,0.080364645,340.3868352
110,91,2018-10-03,1,PI_F_R2_2018,Guar,Hadiqa,Guar,0.6,612,0,0.6,,0.102377407,0.605857944,2.510111201,-3.115969145,6.568854784,,346.95569,5.917887193,0,0,277,0.276409616,0.248534056,0.219203849,0.208365708,0.228652495,0.233906858,0.236711746,0.237614375,0,0,0,0,,0,0.000718077,0.002293189,0.00615923,0.016326858,0.024269501,0.012609314,0.013328825,0.013238562,0,0,0,0,,0,0,0,0,0.251842622,0.263768075,0.167395121,0.263394182,0.0536,0,0,0,0,,0,0,-0.000187166,-0.000334791,-0.000443843,-3.72389E-05,8.26315E-05,1.91996E-05,7.36096E-05,0,0,0,0,,0,2.76183422,10.42358578,30.79615136,68.02857677,75.84219056,90.06652966,88.85883568,82.74101555,0,0,0,0,,0,0,0,0,0,0,-3.115969145,-3.115969145,2.510111201,0.102377407,346.95569
111,92,2018-10-04,1,PI_F_R2_2018,Guar,Hadiqa,Guar,0.6,616,0,0.6,,0.084961104,0.43176878,1.883708279,-2.315477059,5.640973591,,352.5966636,5.08195819,0,0,278,0.27549189,0.247808072,0.218652463,0.20671772,0.225566964,0.229712988,0.231471445,0.229746085,0,0,0,0,,0,0.000901622,0.002438386,0.006269507,0.016656456,0.024886607,0.013028701,0.013852856,0.014025392,0,0,0,0,,0,0,0,0,0.28422412,0.286348721,0.14717997,0.231103395,0.051143794,0,0,0,0,,0,0,-0.000183545,-0.000328742,-0.000439019,-5.51825E-05,4.64784E-05,-3.47056E-06,5.25945E-05,0,0,0,0,,0,3.467776756,11.08357083,31.34753742,69.40190025,77.77064756,93.0621516,92.35237009,87.65869713,0,0,0,0,,0,0,0,0,0,0,-2.315477059,-2.315477059,1.883708279,0.084961104,352.5966636
112,93,2018-10-05,1,PI_F_R2_2018,Guar,Hadiqa,Guar,0.6,620,0,0.6,,0.080455488,0.442209079,1.831420081,-2.27362916,6.100914786,,358.6975784,5.496319627,0,0,279,0.274591225,0.247093362,0.218063238,0.205511746,0.223058891,0.22687245,0.228045074,0.224695516,0,0,0,0,,0,0.001081755,0.002581328,0.006387352,0.016897651,0.025388222,0.013312755,0.014195493,0.014530448,0,0,0,0,,0,0,0,0,0.326349952,0.316121945,0.123328274,0.190323645,0.043876184,0,0,0,0,,0,0,-0.000180133,-0.000323075,-0.00044092,-6.73665E-05,2.65003E-05,-2.5239E-05,-9.36182E-06,0,0,0,0,,0,4.160596159,11.73330697,31.93676213,70.40687804,79.33819344,95.09110733,94.63661727,90.81530271,0,0,0,0,,0,0,0,0,0,0,-2.27362916,-2.27362916,1.831420081,0.080455488,358.6975784
113,94,2018-10-06,1,PI_F_R2_2018,Guar,Hadiqa,Guar,0.6,624,0,0.6,,0.033930814,0.077068331,0.673536662,-0.750604993,2.521184623,,361.218763,2.271337498,0,0,280,0.273706629,0.246387117,0.217461936,0.203964146,0.22043087,0.224466556,0.22516055,0.21998517,0,0,0,0,,0,0.001258674,0.002722577,0.006507613,0.017207171,0.025913826,0.013553344,0.014483945,0.015001483,0,0,0,0,,0,0,0,0,0.365799644,0.34053325,0.101131112,0.154692076,0.037843918,0,0,0,0,,0,0,-0.000176919,-0.000318168,-0.000438429,-7.80159E-05,2.00395E-05,-3.53363E-05,-4.04826E-05,0,0,0,0,,0,4.841054354,12.37534793,32.5380644,71.69654504,80.98070624,96.80960262,96.55963362,93.75926894,0,0,0,0,,0,0,0,0,0.762,0,0.011395007,-0.750604993,1.435536662,0.033930814,361.218763
114,95,2018-10-07,1,PI_F_R2_2018,Guar,Hadiqa,Guar,0.6,628,0,0.6,,0.051545482,0.11545259,0.684275928,-0.799728517,2.486199923,,363.7049629,2.239819751,0,0,281,0.272836755,0.245688899,0.216843122,0.204350716,0.219723472,0.223307143,0.224101431,0.227333119,0,0,0,0,,0,0.001432649,0.00286222,0.006631376,0.017129857,0.026055306,0.013669286,0.014589857,0.014266688,0,0,0,0,,0,0,0,0,0.409674846,0.367056542,0.076965018,0.116193364,0.030110229,0,0,0,0,,0,0,-0.000173975,-0.000313618,-0.000437381,-8.41361E-05,2.16103E-05,-4.24923E-05,-7.01437E-05,0,0,0,0,,0,5.510188326,13.01009183,33.15687762,71.37440344,81.42282998,97.63775531,97.26571257,89.16680033,0,0,0,0,,0,0,0,0,1.524,0,0.724271483,-0.799728517,2.208275928,0.051545482,363.7049629
115,96,2018-10-08,1,PI_F_R2_2018,Guar,Hadiqa,Guar,0.6,632,0,0.6,,0.101871714,0.353914323,1.141113242,-1.495027565,3.856270619,,367.5612336,3.474117675,0,0,282,0.271980464,0.244997836,0.216267564,0.204536993,0.219022579,0.222357813,0.224638977,0.240262677,0,0,0,0,,0,0.001603907,0.003000433,0.006746487,0.017092601,0.026195484,0.013764219,0.014536102,0.012973732,0,0,0,0,,0,0,0,0,0.42519597,0.367919568,0.058480116,0.094766654,0.053637693,0,0,0,0,,0,0,-0.000171258,-0.000309471,-0.000424583,-9.63758E-05,1.5204E-05,-3.97124E-05,7.88887E-05,0,0,0,0,,0,6.168874218,13.6383309,33.73243632,71.21917231,81.86088833,98.31584803,96.90734883,81.08582677,0,0,0,0,,0,0,0,0,8.1,0,6.604972435,-1.495027565,9.241113242,0.101871714,367.5612336
116,97,2018-10-09,1,PI_F_R2_2018,Guar,Hadiqa,Guar,0.6,636,0,0.6,,0.05,0.096184975,0.901647563,-0.997832538,2.135306453,,369.69654,1.923699507,0,0,283,0.271136689,0.244316827,0.215724702,0.203706748,0.217617569,0.221655618,0.226889743,0.313369629,0,0,0,0,,0,0.001772662,0.003136635,0.00685506,0.01725865,0.026476486,0.013834438,0.014311026,0.005663037,0,0,0,0,,0,0,0,0,0.415342878,0.34902637,0.04050732,0.104138474,0.090984957,0,0,0,0,,0,0,-0.000168755,-0.000304957,-0.000413529,-0.000105625,1.16519E-05,-1.23441E-05,0.000331566,0,0,0,0,,0,6.817931666,14.25742984,34.27529765,71.91104301,82.73901962,98.8174154,95.4068379,35.39398194,0,0,0,0,,0,0,0,0,9.652,0,8.654167462,-0.997832538,10.55364756,0.05,369.69654
117,98,2018-10-10,1,PI_F_R2_2018,Guar,Hadiqa,Guar,0.6,640,0,0.6,,0.14196256,0.34656115,1.586344178,-1.932905328,2.709748807,,372.4062888,2.441215141,0,0,284,0.270305159,0.243647015,0.215177979,0.20367383,0.21699374,0.221662049,0.225289267,0.406914976,0,0,0,0,,0,0.001938968,0.003270597,0.006964404,0.017265234,0.026601252,0.013833795,0.014471073,-0.003691498,0,0,0,0,,0,0,0,0,0.342025693,0.280238187,0.023999605,0.13050035,0.223236165,0,0,0,0,,0,0,-0.000166306,-0.000300269,-0.000409613,-0.00010781,2.01E-05,4.23823E-05,0,0,0,0,0,,0,7.457570167,14.86635042,34.82202113,71.9384749,83.12891269,98.81282191,96.47382214,-23.07185981,0,0,0,0,,0,0,0,0,0,0,-1.932905328,-1.932905328,1.586344178,0.14196256,372.4062888
118,99,2018-10-11,1,PI_F_R2_2018,Guar,Hadiqa,Guar,0.6,644,0,0.6,,0.05,0.071870322,0.890040802,-0.961911124,1.595521153,,374.00181,1.437406444,0,0,285,0.269485872,0.242986973,0.214654258,0.202297803,0.215441646,0.221111372,0.223515765,0.399772444,0,0,0,0,,0,0.002102826,0.003402605,0.007069148,0.017540439,0.026911671,0.013888863,0.014648423,-0.002977244,0,0,0,0,,0,0,0,0,0.354777966,0.28439842,0.025015546,0.10402228,0.231785788,0,0,0,0,,0,0,-0.000163857,-0.000295866,-0.00040061,-0.000113015,2.77195E-05,1.2335E-05,0,0,0,0,0,,0,8.087791024,15.46638799,35.3457423,73.08516441,84.0989715,99.20616308,97.65615649,-18.6077774,0,0,0,0,,0,0,0,0,0,0,-0.961911124,-0.961911124,0.890040802,0.05,374.00181
119,100,2018-10-12,1,PI_F_R2_2018,Guar,Hadiqa,Guar,0.6,648,0,0.6,,0.15461434,0.327471105,1.250105683,-1.577576788,2.2823424,,376.2841524,2.117986637,0,0,286,0.268678549,0.242337283,0.214109156,0.202118494,0.214894297,0.22046303,0.222949134,0.396825851,0,0,0,0,,0,0.00226429,0.003532543,0.007178169,0.017576301,0.027021141,0.013953697,0.014705087,-0.002682585,0,0,0,0,,0,0,0,0,0.36748032,0.28947183,0.018064352,0.074670275,0.250313222,0,0,0,0,,0,0,-0.000161465,-0.000291403,-0.000400423,-0.000109212,3.89597E-05,-9.7965E-06,0,0,0,0,0,,0,8.708808623,16.05701582,35.89084399,73.23458843,84.44106438,99.66926458,98.03391042,-16.76615676,0,0,0,0,,0,0,0,0,0,0,-1.577576788,-1.577576788,1.250105683,0.15461434,376.2841524
120,101,2018-10-13,1,PI_F_R2_2018,Guar,Hadiqa,Guar,0.6,652,0,0.6,,0.196915734,0.62007629,1.732520315,-2.352596605,3.291274526,,379.5754269,3.148942333,0,0,287,0.26788307,0.241695745,0.213583043,0.201166441,0.21381208,0.219911455,0.222223207,0.390322383,0,0,0,0,,0,0.002423386,0.003660851,0.007283391,0.017766712,0.027237584,0.014008854,0.014777679,-0.002032238,0,0,0,0,,0,0,0,0,0.377069184,0.292257548,0.007765628,0.064628965,0.258278675,0,0,0,0,,0,0,-0.000159096,-0.000287403,-0.000392626,-0.00011166,3.72493E-05,-8.20026E-06,0,0,0,0,0,,0,9.320715048,16.6402316,36.41695736,74.02796624,85.11744978,100.0632463,98.51786229,-12.7014896,0,0,0,0,,0,0,0,0,3.048,0,0.695403395,-2.352596605,4.780520315,0.196915734,379.5754269
121,102,2018-10-14,1,PI_F_R2_2018,Guar,Hadiqa,Guar,0.6,656,0,0.6,,0.160627869,0.295638946,1.017660754,-1.3132997,1.864079542,,381.4395064,1.840520875,0,0,288,0.267098931,0.241063094,0.213051269,0.199241768,0.211814915,0.219800369,0.221448052,0.409903463,0,0,0,0,,0,0.002580214,0.003787381,0.007389746,0.018151646,0.027637017,0.014019963,0.014855195,-0.003990346,0,0,0,0,,0,0,0,0,0.384161399,0.293510646,0,0.051153235,0.27117472,0,0,0,0,,0,0,-0.000156828,-0.000283358,-0.000389713,-0.00010908,0,-1.11086E-05,0,0,0,0,0,,0,9.923898888,17.21536949,36.94873147,75.63186026,86.36567811,100.1425934,99.03463177,-24.9396646,0,0,0,0,,0,0,0,0,0,0,-1.3132997,-1.3132997,1.017660754,0.160627869,381.4395064
122,103,2018-10-15,1,PI_F_R2_2018,Guar,Hadiqa,Guar,0.6,660,0,0.6,,0.291676451,0.545968181,0.971406527,-1.517374708,1.835140284,,383.2746467,1.871828115,0,0,289,0.266325855,0.24043838,0.212492004,0.198722505,0.210862076,0.2195755,0.22130983,0.40399187,0,0,0,0,,0,0.002734829,0.003912324,0.007501599,0.018255499,0.027827585,0.01404245,0.014869017,-0.003399187,0,0,0,0,,0,0,0,0,0.385980441,0.287948752,0,0.035679003,0.290391805,0,0,0,0,,0,0,-0.000154615,-0.000279558,-0.000391411,-0.000102466,0,-2.24869E-05,0,0,0,0,0,,0,10.51857294,17.78329099,37.50799628,76.06457921,86.96120248,100.303214,99.12678,-21.24491904,0,0,0,0,,0,0,0,0,0,0,-1.517374708,-1.517374708,0.971406527,0.291676451,383.2746467
123,104,2018-10-16,1,PI_F_R2_2018,Guar,Hadiqa,Guar,0.6,664,0,0.6,,0.340125605,0.383709283,0.544320915,-0.928030198,1.069476674,,384.3441234,1.128139951,0,0,290,0.265563445,0.239819692,0.211945752,0.198245682,0.210013037,0.219366494,0.221198004,0.395645378,0,0,0,0,,0,0.002887311,0.004036062,0.00761085,0.018350864,0.027997393,0.014063351,0.0148802,-0.002564538,0,0,0,0,,0,0,0,0,0.38798678,0.281807235,0,0.033027547,0.297178438,0,0,0,0,,0,0,-0.000152482,-0.00027622,-0.00038547,-0.000103942,0,-2.09006E-05,0,0,0,0,0,,0,11.10504203,18.34573497,38.0542476,76.46193125,87.49185212,100.452504,99.2013305,-16.0283612,0,0,0,0,,0,0,0,0,0,0,-0.928030198,-0.928030198,0.544320915,0.340125605,384.3441234
124,105,2018-10-17,1,PI_F_R2_2018,Guar,Hadiqa,Guar,0.6,668,0,0.6,,0.245429176,0.250088576,0.465639635,-0.715728212,0.932982397,,385.2771058,1.018984707,0,0,291,0.264811043,0.239207809,0.211412055,0.198558243,0.209786731,0.219174965,0.221221625,0.390156439,0,0,0,0,,0,0.003037791,0.004158438,0.007717589,0.018288351,0.028042654,0.014082503,0.014877837,-0.002015644,0,0,0,0,,0,0,0,0,0.389622525,0.276060947,0,0.030847297,0.303469231,0,0,0,0,,0,0,-0.000150481,-0.000272857,-0.000379596,-0.000105005,0,-1.91529E-05,0,0,0,0,0,,0,11.68381322,18.90199173,38.58794476,76.20146422,87.63329304,100.5893107,99.18558314,-12.59777412,0,0,0,0,,0,0,0,0,0,0,-0.715728212,-0.715728212,0.465639635,0.245429176,385.2771058
125,106,2018-10-18,1,PI_F_R2_2018,Guar,Hadiqa,Guar,0.6,672,0,0.6,,0.195120922,0.139740329,0.311750647,-0.451490976,0.632523962,,385.9096298,0.716172964,0,0,292,0.264068246,0.238603158,0.21090834,0.198943037,0.209703273,0.219020762,0.221229622,0.386245016,0,0,0,0,,0,0.003186351,0.004279368,0.007818332,0.018211393,0.028059345,0.014097924,0.014877038,-0.001624502,0,0,0,0,,0,0,0,0,0.393226971,0.272449406,0,0.031399057,0.302924566,0,0,0,0,,0,0,-0.000148559,-0.00026949,-0.000370233,-0.000110172,0,-1.54203E-05,0,0,0,0,0,,0,12.25519509,19.45167476,39.09166042,75.8808021,87.68545407,100.6994558,99.18025199,-10.15313499,0,0,0,0,,0,0,0,0,0,0,-0.451490976,-0.451490976,0.311750647,0.195120922,385.9096298
126,107,2018-10-19,1,PI_F_R2_2018,Guar,Hadiqa,Guar,0.6,676,0,0.6,,0.34574461,0.532030581,0.643126913,-1.175157494,1.309208025,,387.2188378,1.538796456,0,0,293,0.263334799,0.23800689,0.21043449,0.199552759,0.209857551,0.218894659,0.221257624,0.383907338,0,0,0,0,,0,0.00333304,0.004398622,0.007913102,0.018089448,0.02802849,0.014110534,0.014874238,-0.001390734,0,0,0,0,,0,0,0,0,0.396797374,0.270123935,0,0.031467561,0.30161113,0,0,0,0,,0,0,-0.000146689,-0.000265943,-0.000360713,-0.000115067,0,-1.26103E-05,0,0,0,0,0,,0,12.81938534,19.99373621,39.56550951,75.37270116,87.58903086,100.7895291,99.1615838,-8.692086272,0,0,0,0,,0,0,0,0,0,0,-1.175157494,-1.175157494,0.643126913,0.34574461,387.2188378
127,108,2018-10-20,1,PI_F_R2_2018,Guar,Hadiqa,Guar,0.6,680,0,0.6,,0.364816679,0.618083716,0.660529316,-1.278613032,1.386558626,,388.6053964,1.69423097,0,0,294,0.262610681,0.23741979,0.209995393,0.199410855,0.20959562,0.218795134,0.221152455,0.376668757,0,0,0,0,,0,0.003477864,0.004516042,0.008000921,0.018117829,0.028080876,0.014120487,0.014884754,-0.000666876,0,0,0,0,,0,0,0,0,0.40067259,0.269226177,0,0.031827996,0.298273237,0,0,0,0,,0,0,-0.000144824,-0.000262244,-0.000350063,-0.000120761,0,-9.95251E-06,0,0,0,0,0,,0,13.37639958,20.52746399,40.00460654,75.49095386,87.75273729,100.8606185,99.23169665,-4.167972978,0,0,0,0,,0,0,0,0,0,0,-1.278613032,-1.278613032,0.660529316,0.364816679,388.6053964
128,109,2018-10-21,1,PI_F_R2_2018,Guar,Hadiqa,Guar,0.6,684,0,0.6,,0.412519119,0.673606359,0.589829349,-1.263435708,1.283466812,,389.8888632,1.63290943,0,0,295,0.261895998,0.236842675,0.209566126,0.199198974,0.209316208,0.218694913,0.238258889,0.351301129,0,0,0,0,,0,0.0036208,0.004631465,0.008086775,0.018160205,0.028136758,0.014130509,0.013174111,0.001869887,0,0,0,0,,0,0,0,0,0.402019819,0.267854424,0,0.029405635,0.300720122,0,0,0,0,,0,0,-0.000142936,-0.000258359,-0.000344213,-0.000121043,0,-1.00221E-05,0.001720045,0,0,0,0,,0,13.92615517,21.05211343,40.43387386,75.66752154,87.92737023,100.932205,87.82740745,11.68679409,0,0,0,0,,0,0,0,0,0,0,-1.263435708,-1.263435708,0.589829349,0.412519119,389.8888632
129,110,2018-10-22,1,PI_F_R2_2018,Guar,Hadiqa,Guar,0.6,688,0,0.6,,0.409871595,0.606033108,0.493528506,-1.099561614,1.114267384,,391.0031306,1.478592601,0,0,296,0.261190968,0.236274904,0.209144066,0.199467239,0.209374922,0.221870611,0.255872439,0.32061329,0,0,0,0,,0,0.003761806,0.004745019,0.008171187,0.018106552,0.028125016,0.013812939,0.011412756,0.004938671,0,0,0,0,,0,0,0,0,0.279153053,0.18467013,0,0.325848634,0.210328183,0,0,0,0,,0,0,-0.000141006,-0.00025456,-0.000338972,-0.000120667,0,0.00031757,0.00227112,0,0,0,0,,0,14.46848635,21.56826938,40.855934,75.4439671,87.89067381,98.66384915,76.08504088,30.86669398,0,0,0,0,,0,0,0,0,0,0,-1.099561614,-1.099561614,0.493528506,0.409871595,391.0031306
130,111,2018-10-23,1,PI_F_R2_2018,Guar,Hadiqa,Guar,0.6,692,0,0.6,,0.404509123,0.630057292,0.481998152,-1.112055444,1.123330213,,392.1264608,1.557584876,0,0,297,0.260495656,0.235715903,0.208744024,0.199987852,0.210188737,0.227135003,0.269923554,0.290942019,0,0,0,0,,0,0.003900869,0.004856819,0.008251195,0.01800243,0.027962253,0.0132865,0.010007645,0.007905798,0,0,0,0,,0,0,0,0,0.209766553,0.137923018,0.019023143,0.476677293,0.156609993,0,0,0,0,,0,0,-0.000139062,-0.000250862,-0.000330871,-0.000123222,0.00010761,0.000643437,0.002283802,0,0,0,0,,0,15.00334168,22.07645163,41.25597566,75.01012298,87.3820394,94.90356961,66.71763046,49.41123837,0,0,0,0,,0,0,0,0,0,0,-1.112055444,-1.112055444,0.481998152,0.404509123,392.1264608
131,112,2018-10-24,1,PI_F_R2_2018,Guar,Hadiqa,Guar,0.6,696,0,0.6,,0.319310301,0.293596817,0.262734155,-0.556330972,0.633332175,,392.759793,0.919471799,0,0,298,0.259810021,0.235166003,0.208373193,0.200562036,0.211312562,0.234365761,0.268777215,0.273553758,0,0,0,0,,0,0.004037996,0.004966799,0.008325361,0.017887593,0.027737488,0.012563424,0.010122278,0.009644624,0,0,0,0,,0,0,0,0,0.172546683,0.11616369,0.058648558,0.536208283,0.116432786,0,0,0,0,,0,0,-0.000137127,-0.000247107,-0.000321273,-0.000123269,0.000157487,0.000908831,0.001052648,0,0,0,0,,0,15.53075297,22.57636057,41.62680708,74.53163642,86.67964845,89.73874218,67.48185636,60.27890143,0,0,0,0,,0,0,0,0,19.812,0,19.25566903,-0.556330972,20.07473416,0.319310301,392.759793
